Year,Month,Day,Min Temp,Max Temp,Min Wind Speed,Max Wind Speed,Pressure,Humidity,Precipitation
2019,5,18,30,36.2,2.2,2.2,1002,78,0
2019,5,19,30,36.6,1.3,1.3,1004,73,4
2019,5,20,29.6,36.4,1.8,1.8,1005,76,3.5
2019,5,21,29.4,35.6,2,2,1004,77,0
2019,5,22,29.4,36.2,2.3,2.3,1003,73,9.5
2019,5,23,27.4,34.6,2.8,2.8,1004,73,1
2019,5,24,28.5,34.8,2.3,2.3,1002,72,11.8
2019,5,25,25,32.8,1.9,1.9,1001,83,28.3
2019,5,26,25.4,35.5,1.3,1.3,1001,81,4
2019,5,27,29.4,36,2.1,2.1,1001,79,0
2019,5,28,29.2,36.2,2,2,1001,77,0
2019,5,29,29.4,36.8,1.6,1.6,1001,76,0
2019,5,30,29.2,35.2,2.2,2.2,1000,78,0
2019,5,31,28.7,34.2,2.6,2.6,1001,77,0
2019,6,1,27.4,36,1.8,1.8,1002,74,0
2019,6,2,27,34.4,2.3,2.3,1002,81,9.3
2019,6,3,26.2,35,1.5,1.5,1002,73,13
2019,6,4,28,34,2,2,1001,77,8
2019,6,5,25.2,30.8,1.7,1.7,1000,89,60.8
2019,6,6,26.3,33,1.2,1.2,1001,84,4
2019,6,7,27.8,30.6,1.2,1.2,1002,83,2.8
2019,6,8,27.6,34,1.4,1.4,1001,77,3.5
2019,6,9,29,35.6,1.9,1.9,1000,77,1.5
2019,6,10,29.2,35.7,2.2,2.2,998,78,0
2019,6,11,29.4,36.2,1.6,1.6,998,75,0
2019,6,12,25.5,35.8,1.9,1.9,998,79,1.8
2019,6,13,25.5,35.8,1,1,998,77,5.3
2019,6,14,27.4,38.4,1.5,1.5,996,77,9.3
2019,6,15,27.9,32.4,2.2,2.2,997,81,0.5
2019,6,17,29.8,34.2,1.6,1.6,997,79,5.8
2019,6,18,27.2,35.5,1.4,1.4,998,84,30.3
2019,6,19,27.6,37.2,1.5,1.5,998,83,4.5
2019,6,20,27.7,35.2,1.3,1.3,999,79,8.5
2019,6,21,28.5,32,1.7,1.7,999,85,13.5
2019,6,22,27.8,33,1.7,1.7,1001,81,2.3
2019,6,23,28.4,34.2,1.6,1.6,1002,82,1
2019,6,24,28.6,35,1.9,1.9,1003,78,0
2019,6,25,29.2,35.4,2.4,2.4,1002,77,0
2019,6,26,29.2,35,2.5,2.5,1000,75,0.5
2019,6,27,29.6,34.6,2.5,2.5,998,78,2.5
2019,6,28,29.4,32.2,1.9,1.9,997,81,15.5
2019,6,29,26.8,35.2,1.4,1.4,996,84,12.8
2019,6,30,26.8,34,1,1,996,84,10.5
2019,7,1,27.8,32.2,2.2,2.2,994,85,7.3
2019,7,2,28.3,31.4,1.6,1.6,995,87,10.5
2019,7,3,27,32.8,1.3,1.3,997,85,12
2019,7,4,28.4,34.6,1.4,1.4,996,77,7
2019,7,5,28.4,32.8,1.1,1.1,994,81,22
2019,7,6,28,31.2,1.4,1.4,992,84,22.3
2019,7,7,27.8,31.8,1.9,1.9,995,80,5.5
2019,7,8,28.8,33.8,2.3,2.3,997,78,7
2019,7,9,29.3,34.2,2.1,2.1,997,79,11.5
2019,7,10,27.6,33.6,2.2,2.2,998,79,15.3
2019,7,11,28.8,31.6,2.1,2.1,1000,82,9.3
2019,7,12,28.6,33.8,2.1,2.1,1001,78,10
2019,7,13,28.6,35,2.1,2.1,1001,78,8
2019,7,14,29,36.4,2.1,2.1,999,74,1
2019,7,15,29.8,36.6,1.9,1.9,998,70,1.3
2019,7,17,26.8,36,1.2,1.2,999,76,2.5
2019,7,18,29.2,35.6,1.3,1.3,999,72,0
2019,7,19,29,35.4,1.6,1.6,1000,70,2
2019,7,20,29,33.8,1.8,1.8,1002,73,1
2019,7,21,28.8,35.2,1.9,1.9,1002,76,0
2019,7,22,29,34.6,2.5,2.5,1001,74,1.5
2019,7,23,29.2,35,1.5,1.5,1001,73,1.5
2019,7,24,28.4,35.8,1.8,1.8,1000,73,5.3
2019,7,25,28,33.2,1.2,1.2,1000,78,23.3
2019,7,26,26.8,30.8,0.7,0.7,998,87,28.3
2019,7,27,26.8,31.6,0.9,0.9,997,87,29.8
2019,7,28,27.4,32.2,2.2,2.2,997,87,17.5
2019,7,29,26.4,28.8,1.9,1.9,999,91,7.3
2019,7,30,26.8,33,1.9,1.9,1001,84,3.5
2019,7,31,27.6,32.8,1.8,1.8,1000,82,19.8
2019,8,1,27.2,32,1.4,1.4,999,80,2.8
2019,8,2,27.8,32.4,1.6,1.6,997,83,6.5
2019,8,3,27.4,32,1.1,1.1,996,85,7.3
2019,8,4,28.2,32.6,1,1,995,87,8.8
2019,8,5,28.2,34.6,1,1,993,83,23.3
2019,8,6,27.8,30,1.7,1.7,991,88,23
2019,8,7,26.8,28.6,3.4,3.4,989,92,15.5
2019,8,8,26.6,29.2,1.7,1.7,994,92,18.8
2019,8,9,27,32.4,0.9,0.9,999,83,3.3
2019,8,10,27.8,33.6,0.8,0.8,998,84,5
2019,8,11,27.6,34.4,0.9,0.9,997,84,23
2019,8,12,27.7,31.4,0.9,0.9,995,91,42
2019,8,13,26.4,29.6,1.1,1.1,997,91,25.3
2019,8,14,27,31.6,1.4,1.4,1001,89,18.5
2019,8,16,25.8,33.2,1.3,1.3,1002,90,50.5
2019,8,17,25.2,27,1.5,1.5,1002,97,76
2019,8,18,26,29.2,1.3,1.3,1002,91,14.3
2019,8,19,26.4,33,1.6,1.6,1003,83,1
2019,8,20,27.8,32.8,1.3,1.3,1002,84,6.8
2019,8,21,28.2,34.8,0.8,0.8,1001,79,8.5
2019,8,22,26.4,34.2,1.2,1.2,1000,83,20
2019,8,23,26.6,32.2,1.2,1.2,1001,85,16.8
2019,8,24,27.4,29,1,1,1001,92,18
2019,8,25,26.8,29.4,1.3,1.3,1000,92,11
2019,8,26,27.2,30.2,1.5,1.5,1000,90,12.3
2019,8,27,27.2,32.2,1.2,1.2,1000,86,4
2019,8,28,27,32.8,1.2,1.2,1001,85,1.5
2019,8,29,27.4,33,1,1,1002,89,15
2019,8,30,27,34.2,1.2,1.2,1000,81,1
2019,8,31,27.8,34,1.3,1.3,999,78,1
2019,9,1,26.8,33,0.9,0.9,1000,87,22
2019,9,2,27.1,33.2,0.7,0.7,999,84,21.5
2019,9,3,26.8,31,1.3,1.3,998,88,9.8
2019,9,4,27,31.4,1.9,1.9,998,85,7.3
2019,9,5,28.2,30.8,1.6,1.6,997,86,3.3
2019,9,6,27.8,31.4,1.8,1.8,996,85,2.5
2019,9,7,27.8,30,1.7,1.7,997,91,10.8
2019,9,8,27.6,30.6,1.1,1.1,999,92,12.5
2019,9,9,27.2,33.6,1.5,1.5,1000,85,8.3
2019,9,10,28.2,32.8,1.5,1.5,1000,82,4.3
2019,9,11,26.2,29.6,1.1,1.1,1001,88,21
2019,9,12,26.2,28.2,1.3,1.3,1004,92,31.3
2019,9,13,27,30.8,1.8,1.8,1005,87,5.5
2019,9,15,27.8,33.8,1.5,1.5,1004,78,0
2019,9,16,27.8,33.4,1.4,1.4,1003,79,0
2019,9,17,27.8,34,1,1,1005,76,0
2019,9,18,28,34,1.4,1.4,1007,81,2.3
2019,9,19,27.6,33.6,1.2,1.2,1008,79,1
2019,9,20,27.4,34.4,0.9,0.9,1007,84,3
2019,9,21,25.7,33.8,1,1,1006,87,9.5
2019,9,22,26.3,32.6,1,1,1008,83,10.3
2019,9,23,27.6,31.2,1.4,1.4,1008,82,6.3
2019,9,24,25,29.8,1.5,1.5,1010,92,46
2019,9,25,25,26.6,0.9,0.9,1013,95,50
2019,9,26,25,29.6,1.3,1.3,1014,90,40.3
2019,9,27,25,29.8,0.9,0.9,1013,88,23
2019,9,28,25.4,28.9,0.9,0.9,1011,92,20.5
2019,9,29,24.2,28.2,0.5,0.5,1012,91,23
2019,9,30,25.3,31.4,1,1,1008,85,17.3
2019,10,1,26.4,32.2,0.9,0.9,1007,79,4
2019,10,2,26.6,33.2,0.8,0.8,1007,79,5.5
2019,10,3,26.8,29.4,0.6,0.6,1007,88,24.8
2019,10,4,27.2,33.4,1.1,1.1,1007,80,3.8
2019,10,5,27.2,32.6,0.8,0.8,1007,85,2.8
2019,10,6,27.2,32,0.5,0.5,1008,85,6.8
2019,10,7,25.6,30.4,0.7,0.7,1009,86,16.3
2019,10,8,25,30.8,1.3,1.3,1009,80,15.8
2019,10,9,24.6,27.8,0.9,0.9,1009,93,29
2019,10,10,24.8,30,1.2,1.2,1008,86,3
2019,10,11,25.4,32,1.5,1.5,1008,82,0
2019,10,12,25.4,32.4,0.8,0.8,1009,79,0
2019,10,13,25.4,31.4,0.6,0.6,1010,82,0
2019,10,15,25,32.6,0.9,0.9,1011,73,0
2019,10,16,25.2,30.8,0.9,0.9,1011,82,3.8
2019,10,17,25.1,31.2,0.7,0.7,1011,88,6.8
2019,10,18,24.8,32.6,0.8,0.8,1011,83,1.5
2019,10,19,25.8,33.6,1.1,1.1,1012,79,1.3
2019,10,20,26.2,33.2,0.7,0.7,1011,79,0.5
2019,10,21,26,32.4,1,1,1009,80,0.5
2019,10,22,26.2,31.8,0.8,0.8,1008,80,0.5
2019,10,23,24.7,31.6,1,1,1008,84,19.3
2019,10,24,22,24.8,1.2,1.2,1009,94,55.5
2019,10,25,22,25,1.5,1.5,1008,96,31.8
2019,10,26,22.8,26.4,0.9,0.9,1010,91,7
2019,10,27,22.6,29.2,1.2,1.2,1011,84,1
2019,10,28,22.7,29.2,1.2,1.2,1011,81,0
2019,10,29,22,29.4,1,1,1011,81,0
2019,10,30,22.4,30,1.3,1.3,1010,82,0
2019,10,31,22.8,30,1,1,1009,81,0
2019,11,1,23.2,30.2,1.3,1.3,1010,78,0
2019,11,2,22.8,30.6,1.3,1.3,1010,77,0
2019,11,3,23.3,31,1.1,1.1,1010,76,0
2019,11,4,23.4,30.8,1.4,1.4,1010,77,0
2019,11,5,23.4,30.6,1.1,1.1,1008,77,0.5
2019,11,6,21.4,29.6,1.2,1.2,1008,74,1.5
2019,11,7,20,28.6,1.7,1.7,1008,69,0.8
2019,11,8,23.2,26.2,1.6,1.6,1008,85,26.3
2019,11,9,23.2,24,2.9,2.9,1005,95,73.8
2019,11,10,23,26.8,2.5,2.5,1005,89,20.5
2019,11,11,22.2,29,1.5,1.5,1009,85,0
2019,11,12,21.9,29.2,1.4,1.4,1011,82,0
2019,11,14,20.2,29.4,1.3,1.3,1013,79,0
2019,11,15,21,30.4,1.5,1.5,1012,79,0
2019,11,16,21,29.8,1.1,1.1,1012,80,0
2019,11,17,21,29.6,0.9,0.9,1011,76,0
2019,11,18,20.6,30,1,1,1012,75,0
2019,11,19,20.1,28.8,1.2,1.2,1012,73,0
2019,11,20,18.8,29.2,0.8,0.8,1013,71,0
2019,11,21,19,28.2,0.9,0.9,1013,73,0
2019,11,22,18.8,27.6,1.1,1.1,1014,76,0
2019,11,23,19.6,27.4,1.5,1.5,1013,79,0
2019,11,24,19.4,27.8,1.1,1.1,1013,77,0
2019,11,25,19.8,28.6,1.1,1.1,1014,80,0
2019,11,26,20.6,29,0.5,0.5,1013,80,0
2019,11,27,20.4,28.8,1.3,1.3,1013,82,0
2019,11,28,19.8,29.2,1.2,1.2,1013,79,0
2019,11,29,20.6,29.4,1.2,1.2,1013,78,0
2019,11,30,20.4,29.2,0.9,0.9,1013,79,0
2019,12,1,19.8,27,1.2,1.2,1014,77,0
2019,12,2,19,28.2,1.1,1.1,1014,69,0
2019,12,3,17.2,26.4,1.2,1.2,1014,73,0
2019,12,4,17.6,25.8,1.3,1.3,1015,69,0
2019,12,5,17,26.2,1.2,1.2,1016,74,0
2019,12,6,17.4,28,1.4,1.4,1016,76,0
2019,12,7,19,28.8,0.9,0.9,1015,77,0
2019,12,8,20.3,28.8,0.9,0.9,1015,74,0
2019,12,9,19.5,28.2,1,1,1014,70,0
2019,12,10,18,27.8,1,1,1013,68,0
2019,12,11,18.2,26.6,0.9,0.9,1012,73,0
2019,12,12,19.2,26.6,0.9,0.9,1013,82,0
2019,12,14,19.4,27.4,0.8,0.8,1015,80,0
2019,12,15,19.4,26,1.1,1.1,1015,82,0
2019,12,16,19,25.6,1,1,1015,77,0
2019,12,17,18.6,24.6,1.1,1.1,1016,77,0
2019,12,18,15.2,21.6,1.5,1.5,1016,73,0
2019,12,19,12.8,20.8,1.4,1.4,1015,68,0
2019,12,20,12.4,21,1.4,1.4,1013,71,0
2019,12,21,13.2,21.4,1.1,1.1,1014,80,0
2019,12,22,13,19.6,1,1,1014,84,0
2019,12,23,15.2,22.6,0.9,0.9,1015,80,0
2019,12,24,15.2,22,1.7,1.7,1015,79,0
2019,12,25,14.8,24,1.1,1.1,1014,75,0
2019,12,26,14.8,19.2,1.3,1.3,1014,81,6.3
2019,12,27,13.8,19.6,1.5,1.5,1014,84,5.8
2019,12,28,12,19.8,1.7,1.7,1016,79,0
2019,12,29,12.4,22.4,1.3,1.3,1015,69,2
2019,12,30,12.4,22,1.4,1.4,1015,76,0
2019,12,31,12.8,22.8,1.1,1.1,1016,76,0
2020,1,1,11.9,24.2,1,1,1018,77,0
2020,1,2,15.8,25,0.7,0.7,1018,77,1.5
2020,1,3,16.8,18.7,1,1,1016,96,31.3
2020,1,4,16.1,19,0.8,0.8,1014,94,0
2020,1,5,15.1,20.4,1.6,1.6,1014,93,0
2020,1,6,13.6,21.6,1.4,1.4,1017,82,0
2020,1,7,12.8,20.8,1,1,1015,82,0
2020,1,8,14,23.4,1.4,1.4,1014,78,0
2020,1,9,16.4,22.4,0.8,0.8,1014,82,5.8
2020,1,10,15.5,21.8,1.5,1.5,1015,73,0
2020,1,11,13.2,20.2,1.5,1.5,1016,73,0
2020,1,13,13,22.2,1.6,1.6,1011,69,0
2020,1,14,12.8,24.4,1.1,1.1,1012,69,0
2020,1,15,14,25.8,0.7,0.7,1013,72,0
2020,1,16,15.4,27.2,1.1,1.1,1013,73,0
2020,1,17,16.2,27.6,1.2,1.2,1014,73,0
2020,1,18,16.4,27.6,1.1,1.1,1013,70,0
2020,1,19,16.6,26.2,1.2,1.2,1013,73,0
2020,1,20,15.9,22,1.6,1.6,1015,72,0
2020,1,21,14.8,23.4,1.2,1.2,1017,71,0
2020,1,22,14.4,24.6,0.9,0.9,1017,74,0
2020,1,23,16.6,23.8,0.9,0.9,1014,76,0
2020,1,24,14.8,22.8,1,1,1015,61,0
2020,1,25,12.8,22.7,1.2,1.2,1014,61,0
2020,1,26,13.4,23.8,1.3,1.3,1012,67,0
2020,1,27,13.4,23,1,1,1012,70,0
2020,1,28,14.6,25.4,0.9,0.9,1012,71,0
2020,1,29,19.2,24,1.4,1.4,1013,83,7.8
2020,1,30,19.2,22.2,0.7,0.7,1012,88,3.5
2020,1,31,16,23.2,1.7,1.7,1013,73,0
2020,2,1,14.4,24,1.1,1.1,1015,67,0
2020,2,2,15.1,23,1.5,1.5,1017,60,0
2020,2,3,13.2,23,1.4,1.4,1017,59,0
2020,2,4,13,24,1.3,1.3,1015,62,0
2020,2,5,16.6,25.6,1.2,1.2,1013,67,0
2020,2,6,16.8,25.6,0.7,0.7,1014,67,0
2020,2,7,17.4,22.8,0.8,0.8,1016,61,0.5
2020,2,8,17.3,20.2,0.8,0.8,1017,71,0
2020,2,9,16.2,25.2,1.7,1.7,1017,65,0
2020,2,10,14.6,24.4,1.7,1.7,1016,60,0
2020,2,12,14,25.2,1.4,1.4,1015,60,0
2020,2,13,15,26,1.1,1.1,1013,60,0
2020,2,14,15.8,28,1,1,1009,62,0
2020,2,15,17.8,27.4,1.3,1.3,1011,58,0
2020,2,16,16.6,28.2,1.3,1.3,1013,63,0
2020,2,17,17.4,28.4,1,1,1014,66,0
2020,2,18,19.6,28.4,0.8,0.8,1013,68,0
2020,2,19,19.4,28.6,0.9,0.9,1014,73,0
2020,2,20,21.5,29,1.3,1.3,1014,68,0
2020,2,21,19.4,29.4,0.9,0.9,1016,68,0
2020,2,22,18.6,29.8,1.3,1.3,1016,60,0
2020,2,23,19.6,29.4,0.9,0.9,1015,65,0
2020,2,24,20.2,26.8,0.7,0.7,1012,73,0
2020,2,25,18.6,21.8,1,1,1012,84,5.8
2020,2,26,18.4,26.8,1.1,1.1,1012,71,2.5
2020,2,27,20,27.2,0.8,0.8,1013,71,0
2020,2,28,19.8,27.6,1,1,1012,63,0
2020,2,29,18.2,28.8,1.2,1.2,1011,60,0
2020,3,1,19.6,30,1.2,1.2,1011,64,0
2020,3,2,20.4,30.6,1,1,1010,66,0
2020,3,3,21.3,30.4,1.1,1.1,1009,69,5.8
2020,3,4,20.2,29.6,1.2,1.2,1010,75,4.8
2020,3,5,19.6,28.4,1.3,1.3,1010,78,4
2020,3,6,21,29.2,1.2,1.2,1011,75,1.8
2020,3,7,21.4,26.4,1,1,1012,82,2.5
2020,3,8,22.2,30,1,1,1011,74,2
2020,3,9,20,30,0.9,0.9,1010,60,0
2020,3,10,19.4,30.2,1.1,1.1,1010,60,0
2020,3,11,23.6,31.8,1.1,1.1,1010,62,0.3
2020,3,13,22.8,33.2,0.8,0.8,1012,68,0
2020,3,14,21.6,30.7,2,2,1012,60,0.5
2020,3,15,19.8,30.8,1.6,1.6,1012,65,0
2020,3,16,23,31.4,0.8,0.8,1012,66,0
2020,3,17,24.2,31.4,1.1,1.1,1012,61,0
2020,3,18,23.3,32,1,1,1011,59,0.5
2020,3,19,21.8,32.6,0.8,0.8,1010,56,7.5
2020,3,20,23,32,1.7,1.7,1009,54,0.3
2020,3,21,22.7,33.4,1.7,1.7,1010,64,8.5
2020,3,22,19.8,30.4,2,2,1011,61,12
2020,3,23,22,32.2,1,1,1010,67,0
2020,3,24,24,32.8,1,1,1008,67,0
2020,3,25,23.6,33.8,1.1,1.1,1007,70,0
2020,3,26,25.8,34.8,1.2,1.2,1008,61,0
2020,3,27,25.2,36.2,1.3,1.3,1009,54,0
2020,3,28,27.4,36.2,1.1,1.1,1007,55,0
2020,3,29,27.2,35,1.2,1.2,1007,51,0
2020,3,30,25,34.8,0.6,0.6,1008,47,0
2020,3,31,25,35.8,0.6,0.6,1008,50,0
2020,4,1,26.6,36.8,0.8,0.8,1007,61,1.8
2020,4,2,25.2,36.2,1.2,1.2,1006,67,0.5
2020,4,3,27.6,36.2,1.4,1.4,1007,63,0.5
2020,4,4,26.8,36.4,0.9,0.9,1008,52,0
2020,4,5,28.4,35.8,0.6,0.6,1009,60,0
2020,4,6,27.2,37,0.6,0.6,1008,54,0
2020,4,7,26.2,37.4,1,1,1006,59,0
2020,4,8,26.6,35.2,1.7,1.7,1007,54,1
2020,4,9,26.2,35,0.9,0.9,1008,50,0
2020,4,10,26,36,1.1,1.1,1009,67,0
2020,4,12,25.8,34.4,1.1,1.1,1008,68,2.5
2020,4,13,27.2,35,1.2,1.2,1006,74,0
2020,4,14,27.6,36.4,0.7,0.7,1007,74,5.5
2020,4,15,24.2,35.2,0.7,0.7,1008,76,6.5
2020,4,16,24.4,33.8,0.6,0.6,1006,71,1
2020,4,17,27.2,34.2,1.9,1.9,1006,71,13.3
2020,4,18,26.8,33.2,1.8,1.8,1007,72,7.5
2020,4,19,25.6,34.2,2.1,2.1,1007,65,2
2020,4,20,24.4,33.8,0.9,0.9,1007,75,8.5
2020,4,21,22.8,25.4,1,1,1008,77,24.8
2020,4,22,22.4,31.2,0.8,0.8,1007,77,28
2020,4,23,23,32,1.1,1.1,1007,79,57.8
2020,4,24,24.1,33,0.9,0.9,1006,77,54.3
2020,4,25,24.2,32.8,1,1,1006,74,11
2020,4,26,23.1,32.2,0.9,0.9,1008,77,26
2020,4,27,25,29.8,1,1,1010,79,24
2020,4,28,23.6,26.8,1.1,1.1,1009,85,22.8
2020,4,29,23.6,32,1,1,1007,75,13
2020,4,30,26.2,33.2,0.8,0.8,1008,74,12.5
2020,5,1,22.2,32.8,1,1,1007,82,38.5
2020,5,2,22,30.8,0.5,0.5,1005,81,8.3
2020,5,3,23.4,32.8,0.9,0.9,1005,78,1
2020,5,4,26.4,34.2,0.9,0.9,1007,78,0.5
2020,5,5,26.2,34.2,1.5,1.5,1006,75,8.3
2020,5,6,22.4,31.6,1.2,1.2,1006,81,43.5
2020,5,7,24.7,34.6,1.1,1.1,1006,73,4.5
2020,5,8,24.4,34.2,1.1,1.1,1005,72,0
2020,5,9,27.6,37.2,0.7,0.7,1006,67,1
2020,5,10,25.5,36.4,1.4,1.4,1006,70,2.3
2020,5,12,26.4,36.6,1.1,1.1,1006,64,3
2020,5,13,28.4,36.4,1.7,1.7,1005,65,4.3
2020,5,14,27.6,36,2.7,2.7,1005,72,2.5
2020,5,15,28.8,36.4,1.3,1.3,1003,70,0
2020,5,16,28.8,36.2,1.2,1.2,1002,71,2.5
2020,5,17,29.3,37.8,1.3,1.3,1002,69,0
2020,5,18,28.2,36.4,1.5,1.5,1000,67,1.8
2020,5,19,25.8,33,2.1,2.1,999,79,9.3
2020,5,20,24.6,26.5,11.4,11.4,989,95,70
2020,5,21,24,27.4,3.3,3.3,995,91,2
2020,5,22,24.6,33.8,1.2,1.2,1001,80,0.5
2020,5,23,28.2,33.4,1.8,1.8,1002,81,0
2020,5,24,28.8,32.2,3.6,3.6,1002,80,0
2020,5,25,29.6,32,3.9,3.9,1003,78,0
2020,5,26,29.4,31.8,3.7,3.7,1002,78,0
2020,5,27,23,32.8,2.7,2.7,1002,80,39.3
2020,5,28,23.7,26.6,0.9,0.9,1004,91,48.5
2020,5,29,24.7,34.2,1.8,1.8,1003,79,8.5
2020,5,30,27.2,35.2,1.9,1.9,1004,74,1
2020,5,31,25,34.4,1.4,1.4,1006,74,10.5
2020,6,1,26,33.4,1.8,1.8,1006,79,20.5
2020,6,2,26.2,35.4,2.2,2.2,1005,77,21.3
2020,6,3,26.6,34.8,2,2,1004,75,8
2020,6,4,27.3,35.6,2.1,2.1,1003,75,19.3
2020,6,5,27,34.6,1.9,1.9,1002,76,16.8
2020,6,6,30,35.8,2.1,2.1,1001,70,0
2020,6,7,26,35.6,0.9,0.9,1000,80,24.3
2020,6,8,26.9,35.2,1.2,1.2,1000,81,9.8
2020,6,9,28.6,35.8,1.1,1.1,1000,76,1
2020,6,11,27.8,30.1,1.3,1.3,999,89,19.8
2020,6,12,27.4,28.8,1.3,1.3,997,93,30.8
2020,6,13,27.6,30.8,1.2,1.2,998,90,10.5
2020,6,14,27.8,30,1.1,1.1,999,92,17
2020,6,15,26.6,31.8,1.5,1.5,999,87,16.8
2020,6,16,25.7,32.6,1.5,1.5,997,91,18.3
2020,6,17,28,31.8,1.6,1.6,997,86,26.3
2020,6,18,28.1,32,1.7,1.7,998,86,11.5
2020,6,19,28,32.8,1.4,1.4,999,84,10.5
2020,6,20,28.6,31,1.2,1.2,999,87,1.5
2020,6,21,27.7,31.2,1.1,1.1,997,88,12.5
2020,6,22,26.4,32.4,1.4,1.4,998,87,4.8
2020,6,23,27.4,32,1.3,1.3,1002,84,2.8
2020,6,24,28.8,34.6,2,2,1003,77,0.5
2020,6,25,29.2,34.4,2.3,2.3,1003,72,0.3
2020,6,26,27.2,34.2,3,3,1001,75,0.8
2020,6,27,25,32.6,2.2,2.2,1001,84,38.8
2020,6,28,26,33.4,1.8,1.8,1001,89,53.5
2020,6,29,26.1,30.8,0.7,0.7,1001,89,10.5
2020,6,30,27.8,33.2,1.6,1.6,1001,83,2.8
2020,7,1,28.6,34.8,2.1,2.1,1000,75,2.5
2020,7,2,29,35.6,2,2,998,73,0.5
2020,7,3,29.2,34.6,1.2,1.2,999,77,2.8
2020,7,4,28.8,31.2,1.3,1.3,998,83,4.3
2020,7,5,27.6,30.6,1.4,1.4,995,89,10
2020,7,6,27.4,31.2,1,1,996,90,20.3
2020,7,7,27.8,31,1,1,1000,89,8
2020,7,8,28.4,33,1.6,1.6,1001,84,13.3
2020,7,9,28.6,33.6,2.5,2.5,1000,82,9.3
2020,7,11,27,32.4,1.9,1.9,999,85,14
2020,7,12,26.8,33.6,1.7,1.7,999,83,70
2020,7,13,26.9,31.4,1,1,999,89,23.3
2020,7,14,28.6,33.4,1.7,1.7,999,81,21
2020,7,15,27.7,31.8,1.5,1.5,1000,86,5.5
2020,7,16,27.4,33,1.6,1.6,1000,81,1.5
2020,7,17,28.6,33.6,1.9,1.9,1001,78,0
2020,7,18,28.4,34.2,2.2,2.2,1002,77,1
2020,7,19,27,33.8,1.9,1.9,1001,80,10.8
2020,7,20,27.4,32.8,2.1,2.1,1001,87,5
2020,7,21,26.2,31,1.8,1.8,1002,90,48.8
2020,7,22,26.3,30.6,0.8,0.8,1001,91,27.3
2020,7,23,25,28.2,1.2,1.2,1001,93,35.8
2020,7,24,27.5,31,0.6,0.6,1003,88,18.8
2020,7,25,26.8,33.8,1.3,1.3,1005,82,0.5
2020,7,26,28.6,35.2,1.2,1.2,1004,79,12.8
2020,7,27,28.6,35.4,1.4,1.4,1002,85,16.3
2020,7,28,28.2,33.8,1.2,1.2,1002,84,17.8
2020,7,29,26.8,30,1.3,1.3,1003,89,14.5
2020,7,30,27.4,34,1.2,1.2,1003,80,0.8
2020,7,31,28.4,34.6,1,1,1002,81,3.5
2020,8,1,28.6,33.4,1.4,1.4,1000,82,12.5
2020,8,2,29.4,34.8,0.8,0.8,997,83,5.5
2020,8,3,28.8,35,0.5,0.5,993,85,26
2020,8,4,26.2,29,1.2,1.2,990,96,75.3
2020,8,5,27,29.2,1.6,1.6,991,95,23.5
2020,8,6,26,29,1.5,1.5,998,93,30
2020,8,7,27.2,31.2,1.5,1.5,1000,89,4
2020,8,8,28,31.8,0.8,0.8,999,88,2.5
2020,8,10,28.6,32.8,0.8,0.8,998,83,2.8
2020,8,11,28.4,33.4,1.5,1.5,998,84,1.5
2020,8,12,28.8,33.6,1,1,998,82,8.3
2020,8,13,27.8,33.2,1.8,1.8,997,79,1
2020,8,14,28.6,32.6,1.9,1.9,994,86,7
2020,8,15,28,30.4,2,2,993,91,9
2020,8,16,27.8,31.8,1.4,1.4,995,86,5.8
2020,8,17,27.6,30,1.3,1.3,997,90,15.8
2020,8,18,26.4,31.4,1,1,997,92,25.8
2020,8,19,26.2,30.6,1.7,1.7,995,91,19.8
2020,8,20,26.8,28.2,2.3,2.3,995,94,38.8
2020,8,21,26.2,27.6,1.6,1.6,995,95,38.3
2020,8,22,26.4,31.4,0.7,0.7,1003,92,35.5
2020,8,23,26.8,31.8,1.1,1.1,1002,91,27
2020,8,24,26.2,31,1,1,1001,92,34.5
2020,8,25,27,34.6,1.1,1.1,999,83,35.3
2020,8,26,27.2,30.2,2.1,2.1,998,91,6.8
2020,8,27,26.4,29.2,1.4,1.4,1001,93,29.8
2020,8,28,26.2,31.2,1.6,1.6,1001,89,0.8
2020,8,29,27.6,34,1.8,1.8,1002,82,0
2020,8,30,28.8,34.8,1.7,1.7,1003,79,3.5
2020,8,31,29.6,35.2,1.4,1.4,1003,80,11
2020,9,1,25.9,30.5,0.9,0.9,1004,94,28.8
2020,9,2,25.2,28.4,1.3,1.3,1006,93,13.8
2020,9,3,26.6,33.2,1.3,1.3,1007,86,6
2020,9,4,27,32.4,1.1,1.1,1006,84,2
2020,9,5,28.2,34.2,1.8,1.8,1004,79,1
2020,9,6,28.6,33.6,2.1,2.1,1003,80,2
2020,9,7,28.8,32.8,1.4,1.4,1003,80,2
2020,9,9,26.6,33.6,0.9,0.9,1003,83,11.5
2020,9,10,28.6,33,1.4,1.4,1001,86,23.8
2020,9,11,27.8,33.4,1.3,1.3,1002,80,3
2020,9,12,28,33.4,1.3,1.3,1004,80,1.8
2020,9,13,28.4,33.4,1.3,1.3,1005,79,2.5
2020,9,14,28.4,34.4,0.7,0.7,1004,79,5.8
2020,9,15,28.4,31.6,0.9,0.9,1003,84,5
2020,9,16,27.8,34,1.7,1.7,1003,80,5
2020,9,17,29,34.8,2,2,1002,79,1
2020,9,18,29,35.4,1.3,1.3,1001,78,3.8
2020,9,19,28.2,34.6,1.1,1.1,999,78,0.5
2020,9,20,26.2,31.8,1,1,997,84,12.8
2020,9,21,27.8,30,1.6,1.6,997,88,8
2020,9,22,27.6,31.2,1.6,1.6,1000,88,7.5
2020,9,23,26.4,29.2,0.5,0.5,1002,93,15.8
2020,9,24,27,31.8,1.5,1.5,1003,90,7.5
2020,9,25,27.4,29.8,1.7,1.7,1002,92,3.3
2020,9,26,26.8,30.6,1,1,1001,91,11.3
2020,9,27,25.2,33.4,0.9,0.9,1002,79,1.8
2020,9,28,27,33.8,0.7,0.7,1003,87,2.5
2020,9,29,27.4,34.2,0.9,0.9,1002,83,16.5
2020,9,30,27.2,33.2,1.1,1.1,1001,80,5.5
2020,10,1,27.2,32,1.3,1.3,1001,79,12.5
2020,10,2,27.6,32,1.2,1.2,1002,85,11.5
2020,10,3,27.4,31.4,0.9,0.9,1003,86,7.3
2020,10,4,27,32,0.9,0.9,1004,88,15.8
2020,10,5,27,29.4,1.6,1.6,1004,87,15.5
2020,10,6,27,31.8,1.4,1.4,1005,83,15
2020,10,7,27.4,29.8,1,1,1006,86,22.5
2020,10,9,27,32,0.8,0.8,1006,88,8.5
2020,10,10,27.8,33.6,0.8,0.8,1005,85,5
2020,10,11,27,34.8,0.8,0.8,1004,80,2.5
2020,10,12,27.2,34.4,1.2,1.2,1002,78,0
2020,10,13,27.4,35,1.4,1.4,1003,75,0
2020,10,14,28,34.4,1.2,1.2,1004,74,3.5
2020,10,15,27.8,33.6,1.2,1.2,1004,76,1
2020,10,16,26.8,34.6,1.2,1.2,1004,84,0.8
2020,10,17,27,34,0.8,0.8,1004,82,0
2020,10,18,27.8,32,0.9,0.9,1005,81,3.8
2020,10,19,27.2,32.2,0.6,0.6,1005,80,3.5
2020,10,20,27.8,34,1,1,1004,74,0
2020,10,21,27.4,32.8,1.4,1.4,1005,76,2.8
2020,10,22,25.7,27.4,1.9,1.9,1003,86,19.5
2020,10,23,25,26.8,1.4,1.4,1001,91,10
2020,10,24,24.6,30.4,1.2,1.2,1005,82,0
2020,10,25,25.6,31.2,0.7,0.7,1008,81,0
2020,10,26,24.4,31.8,0.6,0.6,1009,72,0
2020,10,27,22.4,32.4,1.1,1.1,1008,68,0
2020,10,28,23.4,31.4,1.4,1.4,1009,71,0
2020,10,29,24,32.6,0.9,0.9,1009,76,0
2020,10,30,25.6,32.4,0.8,0.8,1007,69,0
2020,10,31,25.2,31.4,0.9,0.9,1008,76,0
2020,11,1,25.8,31.2,0.9,0.9,1009,80,1.5
2020,11,2,25.6,32,1.1,1.1,1010,77,0
2020,11,3,24,31.8,1,1,1010,69,0
2020,11,4,22.8,30.2,1.2,1.2,1010,57,0
2020,11,5,21,31,1.5,1.5,1012,60,0
2020,11,6,20.4,31,1.6,1.6,1014,60,0
2020,11,8,19.4,29.6,1.2,1.2,1013,66,0
2020,11,9,19.6,30.6,1.6,1.6,1012,66,0
2020,11,10,21,32,1.1,1.1,1011,67,0
2020,11,11,23,32.4,0.7,0.7,1013,64,0
2020,11,12,22.6,30.8,1.4,1.4,1013,61,0
2020,11,13,22.8,31.8,1,1,1012,57,0
2020,11,14,21.8,31.4,1.2,1.2,1012,59,0
2020,11,15,21.2,30.8,1.6,1.6,1012,60,0
2020,11,16,20.2,30.8,1,1,1010,62,0
2020,11,17,21,29.6,1,1,1010,67,0
2020,11,18,21.6,30.4,1,1,1010,71,0
2020,11,19,22.8,30.4,0.9,0.9,1010,74,0
2020,11,20,25,30.8,0.8,0.8,1010,77,0.5
2020,11,21,21.8,26.1,1,1,1011,90,16.5
2020,11,22,18,26.6,1.3,1.3,1013,66,0
2020,11,23,16.4,26.4,1.1,1.1,1014,64,0
2020,11,24,16,25.8,1.6,1.6,1013,72,0.5
2020,11,25,17.2,26.4,1.3,1.3,1013,74,0.3
2020,11,26,18.2,25.6,1.3,1.3,1013,78,1.3
2020,11,27,19.8,27,1.6,1.6,1015,69,1
2020,11,28,19.4,28,1.4,1.4,1015,65,0
2020,11,29,17.4,27.6,1.2,1.2,1014,66,0
2020,11,30,17.2,27.4,1.4,1.4,1014,63,0
2020,12,1,16.4,27.2,1.4,1.4,1014,68,0
2020,12,2,16.8,27,1.1,1.1,1012,72,0
2020,12,3,17,27.6,0.9,0.9,1012,73,0
2020,12,4,17.6,27.8,0.5,0.5,1011,73,0
2020,12,5,17.6,28,1.4,1.4,1012,73,0
2020,12,6,18.8,28.2,0.9,0.9,1013,75,0
2020,12,8,19,25.2,1.3,1.3,1014,83,0
2020,12,9,18.6,25.6,1.3,1.3,1013,85,0
2020,12,10,18.4,26.2,1.1,1.1,1012,82,0
2020,12,11,16.9,21.4,0.7,0.7,1013,88,0
2020,12,12,15.8,24.2,0.9,0.9,1012,80,0
2020,12,13,16.8,26.6,1,1,1011,78,0
2020,12,14,18.2,26.6,1.8,1.8,1013,74,0
2020,12,15,17.6,26.4,1.4,1.4,1014,72,0
2020,12,16,19,26.6,1,1,1014,67,0
2020,12,17,18,25.2,1.6,1.6,1014,69,0
2020,12,18,15.8,23.2,1.4,1.4,1015,67,0
2020,12,19,14,21.8,1.4,1.4,1016,59,0
2020,12,20,13.2,22,1.6,1.6,1015,64,0
2020,12,21,12.6,22.6,1.7,1.7,1013,71,0
2020,12,22,13.6,23,1.6,1.6,1013,76,0
2020,12,23,14,24,1.8,1.8,1012,76,0
2020,12,24,15,25,0.9,0.9,1012,72,0
2020,12,25,14.8,24.8,1.4,1.4,1012,71,0
2020,12,26,14,23.8,2,2,1013,68,0
2020,12,27,12.8,23.6,1.4,1.4,1012,65,0
2020,12,28,13.2,24,1.3,1.3,1012,70,0
2020,12,29,13.6,24.8,1.6,1.6,1013,70,0
2020,12,30,14.4,24.8,1.8,1.8,1014,67,0
2020,12,31,14.6,24.8,1.3,1.3,1014,63,0
2021,1,1,12.6,24.2,1.7,1.7,1014,66,0
2021,1,2,14.2,24.4,1.4,1.4,1014,66,0
2021,1,3,13.8,25.6,1.5,1.5,1012,68,0
2021,1,4,15,27,1.9,1.9,1013,71,0
2021,1,5,16.2,28.2,1.3,1.3,1013,68,0
2021,1,7,19.4,29.8,1,1,1010,69,0
2021,1,8,19.2,28.6,1.3,1.3,1010,68,0
2021,1,9,20,28,1.1,1.1,1010,67,0
2021,1,10,20,29.2,0.6,0.6,1010,68,0
2021,1,11,21.2,28.2,1.2,1.2,1011,73,0
2021,1,12,18.8,26,1.2,1.2,1012,69,0
2021,1,13,17.2,22.8,1.3,1.3,1013,68,0
2021,1,14,17.6,24.2,1.3,1.3,1012,66,0
2021,1,15,15.4,23.8,0.9,0.9,1011,67,0
2021,1,16,15.6,23,1.1,1.1,1010,74,0
2021,1,17,14.4,23.2,0.9,0.9,1013,74,0
2021,1,18,14.4,23.6,1.1,1.1,1013,76,0
2021,1,19,14.8,25.6,1.3,1.3,1011,79,0
2021,1,20,19.6,26.8,0.9,0.9,1010,81,0
2021,1,21,18.5,26,0.9,0.9,1011,64,0
2021,1,22,15.4,24.8,0.9,0.9,1012,64,0
2021,1,23,15,22.8,1.4,1.4,1012,76,0
2021,1,24,15,25.8,1.3,1.3,1012,73,0
2021,1,25,17.6,25.8,0.5,0.5,1013,73,0
2021,1,26,16.1,22.6,1,1,1013,77,0
2021,1,27,15,22.8,1.2,1.2,1014,69,0
2021,1,28,13.8,23.4,1.1,1.1,1014,68,0
2021,1,29,13.6,25.2,1.2,1.2,1013,68,0
2021,1,30,14.7,22.4,1.3,1.3,1013,66,0
2021,1,31,12.8,22,1.4,1.4,1015,65,0
2021,2,1,12,22.6,1.3,1.3,1016,64,0
2021,2,2,12.6,24.2,1.6,1.6,1016,62,0
2021,2,3,12.6,24.6,1.4,1.4,1015,64,0
2021,2,4,14,26.2,1.2,1.2,1014,61,0
2021,2,6,15.6,27,1,1,1012,63,0
2021,2,7,16.6,24.6,2,2,1014,66,2.8
2021,2,8,16,25.4,1.6,1.6,1014,63,0
2021,2,9,14.4,25.6,1.3,1.3,1013,63,0
2021,2,10,15.8,27.4,1,1,1011,65,0
2021,2,11,16.2,29.6,0.9,0.9,1011,70,0
2021,2,12,16.7,29.6,1.8,1.8,1013,74,0
2021,2,13,15.6,28.1,1.2,1.2,1013,75,0
2021,2,14,20.4,28.8,0.7,0.7,1012,74,0
2021,2,15,21.1,29.8,1.1,1.1,1010,68,0
2021,2,16,20,30.2,0.9,0.9,1010,66,0
2021,2,17,19.9,27.2,1.2,1.2,1012,72,0
2021,2,18,18.2,29.8,1.6,1.6,1013,64,0
2021,2,19,20.2,29.8,1.2,1.2,1015,61,0
2021,2,20,20.3,27,1.8,1.8,1015,68,0
2021,2,21,18,30.4,2,2,1014,66,0
2021,2,22,18.8,30.2,0.9,0.9,1012,61,0
2021,2,23,19.6,30.8,1.1,1.1,1010,62,0
2021,2,24,21.8,31.4,0.7,0.7,1009,67,0
2021,2,25,20.8,33.2,0.8,0.8,1007,58,0
2021,2,26,22,34,0.8,0.8,1005,61,0
2021,2,27,21.8,34.4,0.8,0.8,1006,54,0
2021,2,28,23.4,35.2,1.1,1.1,1007,61,0
2021,3,1,24.4,34.8,1.1,1.1,1009,66,0
2021,3,2,23.8,32.8,1.1,1.1,1010,70,0
2021,3,3,23.1,31.6,1.5,1.5,1010,54,0
2021,3,4,20.8,32.8,1.6,1.6,1010,57,0
2021,3,5,24.2,31.4,1.7,1.7,1009,71,0
2021,3,6,22.8,34.8,0.9,0.9,1008,58,0
2021,3,8,25.6,33.4,1.2,1.2,1010,71,0
2021,3,9,24.4,32.6,1.2,1.2,1010,76,0
2021,3,10,24.6,30.8,1.4,1.4,1010,77,0.5
2021,3,11,25.4,31.8,1.3,1.3,1011,77,0
2021,3,12,24.8,31.4,0.8,0.8,1013,76,0
2021,3,13,22.9,30.8,1.4,1.4,1013,71,2
2021,3,14,20.4,32.2,1.1,1.1,1010,61,0
2021,3,15,23.2,34.2,1.2,1.2,1009,60,0
2021,3,16,24.4,35.2,0.8,0.8,1009,57,0
2021,3,17,24,35.8,1.2,1.2,1008,51,0
2021,3,18,24.2,35,0.8,0.8,1008,53,0
2021,3,19,24.2,35.8,1.1,1.1,1007,50,0
2021,3,20,24.8,36.2,0.8,0.8,1005,51,0
2021,3,21,26,36.6,0.7,0.7,1006,57,0
2021,3,22,26.4,37,1,1,1009,56,0
2021,3,23,26.4,36.4,1.4,1.4,1009,56,0
2021,3,24,27.2,36.8,1.1,1.1,1008,56,1.5
2021,3,25,26.8,37.4,0.8,0.8,1008,45,0
2021,3,26,25.8,36.2,0.3,0.3,1008,43,0
2021,3,27,25,35.8,0.9,0.9,1007,50,0
2021,3,28,25.6,35,1.5,1.5,1005,63,3.5
2021,3,29,26.4,36.2,2,2,1003,70,0.5
2021,3,30,27.6,37.2,2.3,2.3,998,74,0
2021,3,31,27.4,39,1.8,1.8,996,63,0
2021,4,1,26,38.6,1,1,1000,61,0
2021,4,2,27.6,35.6,1.4,1.4,1004,65,0
2021,4,3,27,36,0.9,0.9,1008,67,1.5
2021,4,4,24.7,36.2,0.9,0.9,1008,60,2.8
2021,4,5,23.8,34.2,1,1,1008,67,0
2021,4,7,26.4,33,2.1,2.1,1008,71,0
2021,4,8,26.8,33.4,2.2,2.2,1006,74,0
2021,4,9,26.8,33.8,2,2,1007,73,0
2021,4,10,27.2,35.2,1.2,1.2,1008,73,0.5
2021,4,11,26.6,35.4,2,2,1009,62,1
2021,4,12,27,35.8,1.5,1.5,1009,63,0
2021,4,13,27.2,36.8,1.7,1.7,1008,67,2
2021,4,14,27,37.4,1.7,1.7,1006,71,1
2021,4,15,27.4,35.6,1.7,1.7,1005,68,0.5
2021,4,16,27.7,34,1.7,1.7,1006,66,2.5
2021,4,17,25.7,33.6,1.9,1.9,1008,66,2.8
2021,4,18,25.4,33.8,1.7,1.7,1007,69,2.5
2021,4,19,25.6,38.2,1.9,1.9,1005,60,0
2021,4,20,27.8,36.2,2.2,2.2,1005,70,0
2021,4,21,23.6,35.2,2.3,2.3,1006,74,3.3
2021,4,22,24,30.8,0.9,0.9,1007,78,13.5
2021,4,23,25.4,36.2,1.2,1.2,1007,61,0.5
2021,4,24,26.8,38.2,1.3,1.3,1005,57,0
2021,4,25,28,39.4,1.2,1.2,1005,58,0
2021,4,26,28.2,38.2,2,2,1004,63,0
2021,4,27,27.8,38.2,1.6,1.6,1005,72,0
2021,4,28,28.4,36.2,1.3,1.3,1007,72,0
2021,4,29,28,35.2,1.8,1.8,1007,61,0
2021,4,30,27.6,35.8,1.3,1.3,1006,59,0.5
2021,5,1,26.4,35.6,1.1,1.1,1006,54,1.5
2021,5,2,24.8,35.6,2,2,1007,70,22.3
2021,5,3,23.2,34.6,1.6,1.6,1006,65,19.3
2021,5,4,22.8,29.4,1,1,1007,80,22.8
2021,5,5,24.4,33,1.2,1.2,1007,76,22.3
2021,5,7,24.9,35.4,1.3,1.3,1008,70,1.5
2021,5,8,26.8,34.4,1.3,1.3,1007,66,1.5
2021,5,9,24,35,1.7,1.7,1006,81,17
2021,5,10,24.2,33.2,1.3,1.3,1005,76,4.5
2021,5,11,23,33.8,1.6,1.6,1004,86,53.5
2021,5,12,23,31.4,1.4,1.4,1003,79,32.5
2021,5,13,24,31.4,0.6,0.6,1003,79,4.8
2021,5,14,24.6,34.8,1.1,1.1,1002,74,0.5
2021,5,15,28.4,35.8,2.2,2.2,1003,74,1
2021,5,16,29.2,35.8,1.4,1.4,1004,73,0
2021,5,17,29,37,1.5,1.5,1004,73,0
2021,5,18,27.6,38.6,2.1,2.1,1004,72,15.8
2021,5,19,25.2,36.6,2,2,1003,74,3.5
2021,5,20,29,36,1.7,1.7,1003,72,0
2021,5,21,29.4,36.2,1.2,1.2,1003,69,0
2021,5,22,29.4,35.8,1.3,1.3,1001,70,4
2021,5,23,29.6,36.4,0.6,0.6,1000,70,3
2021,5,24,25.8,32.6,1,1,1000,88,16.5
2021,5,25,26.6,30.4,2.8,2.8,995,88,11
2021,5,26,26,30,3.7,3.7,990,87,12.8
2021,5,27,26.4,29,2.2,2.2,996,91,26
2021,5,28,28.1,33.2,2.1,2.1,1002,81,1.5
2021,5,29,28,33.4,1.8,1.8,1004,80,0.5
2021,5,30,28.8,34.8,1.1,1.1,1002,80,6
2021,5,31,25.4,29.9,0.9,0.9,1000,88,30.8
2021,6,1,27.3,35.4,1.9,1.9,1001,80,0.8
2021,6,2,26.8,33,1.8,1.8,1003,77,11.3
2021,6,3,28.4,35,1.8,1.8,1004,75,3
2021,6,4,29.4,36.6,1.7,1.7,1004,75,0
2021,6,6,27.8,37.6,1,1,1002,74,13.5
2021,6,7,25.4,36.6,1.5,1.5,1001,79,29.5
2021,6,8,26.5,34.8,2.1,2.1,1000,77,10.3
2021,6,9,26.4,32.6,1,1,999,79,19
2021,6,10,28,32,1.3,1.3,997,79,11.8
2021,6,11,26.9,32.2,0.8,0.8,995,82,19
2021,6,12,26.6,31.8,1.4,1.4,996,84,2.5
2021,6,13,27.8,33.4,0.9,0.9,996,83,22.5
2021,6,14,28,30,1,1,994,89,8.8
2021,6,15,26.4,29,1.1,1.1,994,93,27
2021,6,16,25.6,27.6,1.3,1.3,996,93,56
2021,6,17,24.4,26.1,1.6,1.6,997,96,66.5
2021,6,18,24.2,28.8,1.7,1.7,1000,92,35.8
2021,6,19,24.8,26.8,2.2,2.2,1001,95,47.5
2021,6,20,25.4,29.4,1.1,1.1,1001,93,26.3
2021,6,21,25.4,31.2,1.1,1.1,1001,88,9.3
2021,6,22,25.4,29,1.3,1.3,1001,90,15.5
2021,6,23,26.4,31.4,1,1,1001,87,12.3
2021,6,24,26.6,33.8,1.1,1.1,1000,79,9
2021,6,25,28.6,33.8,1.6,1.6,999,77,2.8
2021,6,26,28.6,32,1.1,1.1,1001,83,1
2021,6,27,27.6,31.6,1.3,1.3,1004,86,4.8
2021,6,28,28,33.2,1.9,1.9,1003,81,2.5
2021,6,29,29,33,2.3,2.3,1001,81,4
2021,6,30,26.4,33.2,2.2,2.2,1000,82,40.5
2021,7,1,25,31.2,1.8,1.8,998,91,121.3
2021,7,2,25.1,32.8,1.5,1.5,1000,86,21.5
2021,7,3,27.4,31.8,1,1,1000,87,11.8
2021,7,4,26.6,31,0.8,0.8,1002,90,13.3
2021,7,6,28.8,33.6,1.1,1.1,1000,83,5.5
2021,7,7,25.8,33.8,1.4,1.4,1000,87,38.8
2021,7,8,27,30.4,1.3,1.3,1000,92,8
2021,7,9,27.4,32.8,1,1,999,82,1.3
2021,7,10,28.4,32.8,1.1,1.1,999,82,7
2021,7,11,28.8,32.8,1.1,1.1,1001,80,1.3
2021,7,12,28.5,32.4,0.9,0.9,1002,81,10.3
2021,7,13,27.9,33,1.3,1.3,1002,83,4.8
2021,7,14,27.6,32.4,1.8,1.8,1002,79,3.5
2021,7,15,27.8,33.8,1,1,1003,76,1.5
2021,7,16,28.8,34.4,1.2,1.2,1004,76,3.3
2021,7,17,29,34.4,1.5,1.5,1003,78,3.8
2021,7,18,29.4,35.8,1.6,1.6,1001,75,0
2021,7,19,27.2,34.4,0.9,0.9,999,82,12.8
2021,7,20,27.8,30.6,1,1,998,85,20
2021,7,21,28.2,32.6,1.2,1.2,996,82,12.8
2021,7,22,28.4,33.2,1.7,1.7,994,81,2.8
2021,7,23,27.4,29.2,1.9,1.9,993,92,11.5
2021,7,24,26.4,29.2,1,1,997,94,35.5
2021,7,25,27,32.8,0.6,0.6,998,87,10.5
2021,7,26,28,33.2,1.2,1.2,996,87,16.8
2021,7,27,27.6,31,1.3,1.3,994,88,21
2021,7,28,26.8,31.2,1.3,1.3,992,93,32.8
2021,7,29,26.4,27.4,1.4,1.4,991,97,138.3
2021,7,30,26.2,29.8,2.3,2.3,996,91,30.3
2021,7,31,26.6,30.4,0.9,0.9,998,86,3
2021,8,1,27.4,33.6,1,1,998,79,0.8
2021,8,2,28.8,32.6,1.4,1.4,998,81,5.8
2021,8,3,26.2,31,1.4,1.4,999,88,18
2021,8,5,27.2,32.8,1.4,1.4,998,89,5
2021,8,6,27.4,33.2,0.9,0.9,998,86,24.5
2021,8,7,27.8,30.4,1.1,1.1,1001,89,14.3
2021,8,8,26.2,30.6,1,1,1003,91,29.3
2021,8,9,27.8,33.2,1.5,1.5,1003,87,7
2021,8,10,28.8,34.6,1.1,1.1,1000,84,14.5
2021,8,11,29.2,33.2,0.7,0.7,1000,82,8.8
2021,8,12,28.6,30.6,1.2,1.2,1002,92,27.8
2021,8,13,27.8,32.6,0.6,0.6,1001,88,15.8
2021,8,14,28.4,34.2,1,1,999,86,9.3
2021,8,15,28.2,33.6,0.8,0.8,1000,82,4
2021,8,16,28.8,31.4,0.8,0.8,1003,83,9
2021,8,17,28.2,30,0.5,0.5,1003,89,21
2021,8,18,25.8,29.8,0.8,0.8,1001,90,9.8
2021,8,19,26.6,29,1.1,1.1,1002,93,10.8
2021,8,20,25.8,27.8,1,1,1005,93,18.3
2021,8,21,26.8,31,0.9,0.9,1006,90,5.8
2021,8,22,27.4,34,1.3,1.3,1005,80,0
2021,8,23,28.4,34.8,1.6,1.6,1003,80,4
2021,8,24,28.2,34,0.9,0.9,1002,79,3.5
2021,8,25,27.6,33.4,1,1,999,82,17
2021,8,26,26,33.2,0.7,0.7,999,89,57
2021,8,27,26.4,30.6,1,1,1001,93,14.5
2021,8,28,27,32.4,1.3,1.3,1000,87,2.8
2021,8,29,27.4,29.6,0.8,0.8,1001,90,5.8
2021,8,30,27.6,30.6,0.8,0.8,1004,85,8.3
2021,8,31,28,32,0.9,0.9,1006,84,5.3
2021,9,1,27.2,34.2,0.6,0.6,1006,79,2
2021,9,2,28,33.4,0.8,0.8,1004,81,4.8
2021,9,4,27.6,32.8,0.6,0.6,1001,83,6.3
2021,9,5,27.8,34.6,0.7,0.7,1001,78,2.3
2021,9,6,27.8,32.2,1.6,1.6,1002,84,9.3
2021,9,7,25.8,28.8,1.2,1.2,1005,93,26.3
2021,9,8,25.8,31.4,0.7,0.7,1004,86,15.8
2021,9,9,26.8,32.8,0.9,0.9,1003,84,12.3
2021,9,10,26.6,34,0.8,0.8,1002,80,11.5
2021,9,11,27.4,30.6,1.4,1.4,1001,87,14.3
2021,9,12,27.2,31.6,2,2,997,83,7.8
2021,9,13,26.8,28.8,1.6,1.6,997,89,22
2021,9,14,25.2,27.4,1.4,1.4,1002,95,83.3
2021,9,15,25.2,30.4,1.2,1.2,1004,92,54.5
2021,9,16,27,32,1,1,1003,88,10.8
2021,9,17,26.4,32.6,0.8,0.8,1002,91,18.3
2021,9,18,26.8,29.8,1,1,1004,96,29
2021,9,19,26,31.4,0.5,0.5,1005,89,23.5
2021,9,20,25.1,27.5,1.2,1.2,1003,98,73.3
2021,9,21,24.8,28.8,1.4,1.4,1003,93,23.5
2021,9,22,26,28,0.7,0.7,1003,95,42
2021,9,23,26.4,31.6,1.1,1.1,1004,94,5.5
2021,9,24,26.2,32.8,0.8,0.8,1005,88,2.5
2021,9,25,27.5,31.2,1.1,1.1,1003,89,4.8
2021,9,26,27,31.8,0.9,0.9,1003,91,14.5
2021,9,27,26.6,31.2,1,1,1003,87,8
2021,9,28,25.7,28.6,2.5,2.5,1003,90,21.8
2021,9,29,24.6,26.6,1.5,1.5,1005,96,61.5
2021,9,30,26,32.2,0.8,0.8,1007,89,17
2021,10,1,26.8,33,0.7,0.7,1007,84,0
2021,10,2,27,33.4,1.8,1.8,1006,83,0
2021,10,4,27,33.2,1.3,1.3,1004,83,6
2021,10,5,28,33.8,0.9,0.9,1006,84,22.8
2021,10,6,27.2,33.2,1.3,1.3,1005,83,6.8
2021,10,7,27.6,34,0.6,0.6,1004,84,2.8
2021,10,8,27.4,33.6,0.8,0.8,1003,84,0
2021,10,9,27.5,32.4,0.6,0.6,1003,89,0
2021,10,10,27.2,33.4,0.7,0.7,1004,84,1.3
2021,10,11,27.2,34,0.7,0.7,1003,78,0
2021,10,12,27.2,33.2,1.1,1.1,1002,79,3
2021,10,13,27.8,32.8,0.9,0.9,1002,85,8.3
2021,10,14,26.6,32.8,1.1,1.1,1002,86,11
2021,10,15,25,34.8,0.8,0.8,1001,84,29
2021,10,16,25.1,32.6,1,1,1003,84,17.8
2021,10,17,25.2,28.4,1.3,1.3,1004,91,33.8
2021,10,18,25.2,27,1.6,1.6,1003,96,57
2021,10,19,25.2,26.6,1.8,1.8,1004,97,49
2021,10,20,26.1,29.2,0.7,0.7,1006,94,12.3
2021,10,21,25.2,31,1,1,1009,84,0
2021,10,22,25.3,32,0.9,0.9,1009,81,0
2021,10,23,23.8,31.6,1.1,1.1,1011,80,0
2021,10,24,24.6,30.8,0.7,0.7,1011,86,4.3
2021,10,25,24,31.8,0.8,0.8,1012,86,0
2021,10,26,24.4,31.8,0.6,0.6,1012,82,0
2021,10,27,25,30.4,0.8,0.8,1010,84,0
2021,10,28,25.4,29.8,0.8,0.8,1011,84,3.3
2021,10,29,24.4,31.2,0.8,0.8,1012,78,0
2021,10,30,23.2,31.4,0.6,0.6,1012,71,0
2021,10,31,22.6,31,1.4,1.4,1012,69,0
2021,11,1,21.6,30.2,0.9,0.9,1012,70,0
2021,11,3,22,30,1.1,1.1,1011,67,0
2021,11,4,21.2,29.6,1.2,1.2,1011,72,0
2021,11,5,20,29.2,1.6,1.6,1010,69,0
2021,11,6,19.4,28.4,1.2,1.2,1009,68,0
2021,11,7,19,29.2,1,1,1009,67,0
2021,11,8,18.6,29.4,1.1,1.1,1010,68,0
2021,11,9,19.4,29.4,1.2,1.2,1011,71,0
2021,11,10,20,30,1.5,1.5,1010,72,0
2021,11,11,21.8,30.4,0.8,0.8,1010,71,7.3
2021,11,12,22.8,29.6,0.9,0.9,1010,72,0
2021,11,13,23,26.2,1,1,1011,79,13.8
2021,11,14,22.6,25.4,0.8,0.8,1010,80,21.8
2021,11,15,21,23.6,0.9,0.9,1009,87,7.3
2021,11,16,21,27.8,1.1,1.1,1010,77,0
2021,11,17,19.2,28.4,1,1,1012,72,0
2021,11,18,18.8,29.4,1.2,1.2,1010,69,0
2021,11,19,19.6,29.6,1.3,1.3,1008,71,0
2021,11,20,20.2,30.4,1,1,1008,73,0
2021,11,21,22.2,29.6,1.3,1.3,1009,74,0
2021,11,22,21.6,30.4,0.7,0.7,1009,76,0
2021,11,23,23.3,30.2,0.8,0.8,1009,75,0.5
2021,11,24,21.8,29.6,1.1,1.1,1011,62,0
2021,11,25,20,29.4,1,1,1011,66,0
2021,11,26,20.2,28,1.1,1.1,1012,68,0
2021,11,27,18.8,27.2,1.3,1.3,1013,69,0
2021,11,28,18.2,27.4,1.1,1.1,1013,72,0
2021,11,29,17.8,27.6,1.3,1.3,1013,69,0
2021,11,30,18.8,27.6,1.2,1.2,1013,69,0
2021,12,1,18.4,28.6,1,1,1012,69,0
2021,12,3,18.6,28.2,1.4,1.4,1013,73,2.8
2021,12,4,20.4,22.1,1,1,1013,86,43
2021,12,5,20.6,21.4,1.3,1.3,1013,95,26.8
2021,12,6,21.2,22.2,1,1,1010,97,18.8
2021,12,7,20,23.8,0.9,0.9,1012,92,0
2021,12,8,19.6,26.4,1.1,1.1,1014,86,0
2021,12,9,20,25.6,0.9,0.9,1016,86,12.5
2021,12,10,19.4,26,1.1,1.1,1015,79,0.5
2021,12,11,19.2,26.8,1.3,1.3,1015,80,0.5
2021,12,12,17.6,24.8,1,1,1016,71,0
2021,12,13,15.8,24.2,1.1,1.1,1015,70,0
2021,12,14,15.2,24.6,1.3,1.3,1014,73,0
2021,12,15,15,23.8,1,1,1014,72,0
2021,12,16,15,24,1.5,1.5,1014,75,0
2021,12,17,15,24.8,1.5,1.5,1014,67,0
2021,12,18,14.2,24.4,1.1,1.1,1014,74,0
2021,12,19,15.1,21.6,1.1,1.1,1015,61,0
2021,12,20,12.8,21.4,1.1,1.1,1015,53,0
2021,12,21,12.6,22,1.3,1.3,1014,70,0
2021,12,22,14,23.2,1.5,1.5,1012,72,0
2021,12,23,14.2,23,1.7,1.7,1012,74,0
2021,12,24,14.2,24.4,1.4,1.4,1012,76,0
2021,12,25,15.2,25,1.4,1.4,1013,75,0
2021,12,26,16,25.6,1.1,1.1,1015,78,0
2021,12,27,17.2,25.2,1,1,1016,82,0
2021,12,28,17.6,25.6,1.3,1.3,1015,76,0
2021,12,29,18,24.8,0.8,0.8,1016,76,0.3
2021,12,30,17.1,22.2,1.1,1.1,1018,84,4.8
2021,12,31,16.8,23.6,0.8,0.8,1018,78,0
2022,1,2,14.4,21.8,0.5,0.5,1016,80,0
2022,1,3,14.6,23.2,1,1,1015,75,0
2022,1,4,13.8,22.2,1.4,1.4,1016,73,0
2022,1,5,13.4,23.4,1.3,1.3,1015,72,0
2022,1,6,13.8,24.2,2,2,1014,73,0
2022,1,7,15,25,1.3,1.3,1015,73,0
2022,1,8,15.8,26.5,2.1,2.1,1015,66,0
2022,1,9,16.6,26.6,1.4,1.4,1013,74,0
2022,1,10,17.4,26.6,0.7,0.7,1013,76,0
2022,1,11,18.8,27,1.2,1.2,1014,77,4
2022,1,12,18,21.2,1,1,1014,88,3.3
2022,1,13,18.4,24.2,1.1,1.1,1014,82,2.5
2022,1,14,18.1,20.8,1,1,1014,80,16.8
2022,1,15,16.6,23,1.4,1.4,1015,75,2
2022,1,16,15,22,1.3,1.3,1016,71,0
2022,1,17,13.8,22.2,1.2,1.2,1017,73,0
2022,1,18,14.2,22.2,1,1,1014,73,0
2022,1,19,14.6,22.2,1.7,1.7,1012,74,0
2022,1,20,14.2,22.6,0.8,0.8,1010,72,0
2022,1,21,14.8,24.6,0.7,0.7,1009,76,0
2022,1,22,18.2,23.4,1.1,1.1,1008,85,0.5
2022,1,23,17.5,22.4,0.7,0.7,1009,85,8
2022,1,24,17,21,0.7,0.7,1009,86,3.5
2022,1,25,16.4,25,0.6,0.6,1010,81,0
2022,1,26,17.8,24.8,1.7,1.7,1011,79,0
2022,1,27,15.9,22.6,1.3,1.3,1012,69,0
2022,1,28,14.2,20.4,0.7,0.7,1014,62,0
2022,1,29,13.2,21.2,1.1,1.1,1014,66,0
2022,1,30,12.6,22.6,1.2,1.2,1011,65,0
2022,2,1,17,26.2,0.8,0.8,1008,72,0
2022,2,2,18.2,27.6,1,1,1010,69,0
2022,2,3,20.3,27.2,1,1,1010,77,0
2022,2,4,17.4,22.4,0.9,0.9,1008,89,32.3
2022,2,5,15.7,22.6,1.2,1.2,1011,71,0
2022,2,6,14,22.6,1.2,1.2,1014,65,0
2022,2,7,14.4,23.8,1.1,1.1,1014,70,0
2022,2,8,15.4,25.6,1.1,1.1,1013,74,0
2022,2,9,17,26.2,1,1,1013,78,0
2022,2,10,18.6,23.2,1.3,1.3,1012,85,0
2022,2,11,17,24,1.2,1.2,1012,77,0
2022,2,12,14.8,24.2,1.3,1.3,1013,58,0
2022,2,13,14.6,24.4,1.5,1.5,1011,63,0
2022,2,14,14.8,25.4,1.1,1.1,1011,59,0
2022,2,15,14.6,25.6,1.3,1.3,1010,61,0
2022,2,16,15.2,25.8,0.9,0.9,1008,63,0
2022,2,17,17,26.8,1.1,1.1,1008,63,0
2022,2,18,17,26.6,1.4,1.4,1010,61,0
2022,2,19,16.2,27.8,1.3,1.3,1010,59,0
2022,2,20,18.2,26.2,1.2,1.2,1006,80,9.3
2022,2,21,18.6,27.8,0.6,0.6,1007,64,0
2022,2,22,18.4,28.2,0.8,0.8,1011,74,0
2022,2,23,19.2,28.2,1,1,1014,76,0
2022,2,24,21.4,29.2,1.2,1.2,1014,77,0
2022,2,25,19.8,23.6,1.5,1.5,1014,79,19.3
2022,2,26,19,30.2,0.9,0.9,1015,72,0
2022,2,27,20.2,30.6,0.9,0.9,1013,75,8.3
2022,2,28,21,30.4,1,1,1012,70,0
2022,3,1,20.8,30.2,1.1,1.1,1013,62,0
2022,3,3,20.6,30.8,0.9,0.9,1012,65,0
2022,3,4,21.8,31.2,0.9,0.9,1011,58,0
2022,3,5,22.4,31.8,0.9,0.9,1010,63,0
2022,3,6,22,31.8,1.1,1.1,1010,55,0
2022,3,7,20.8,30.8,1.3,1.3,1010,58,0
2022,3,8,21.2,31.6,1.4,1.4,1009,58,0
2022,3,9,20.8,32.2,0.9,0.9,1009,54,0
2022,3,10,20.6,32.6,1,1,1009,56,0
2022,3,11,21.6,32,1.1,1.1,1008,57,0
2022,3,12,21.6,32.4,0.8,0.8,1008,57,0
2022,3,13,21.8,32.4,1.2,1.2,1008,54,0
2022,3,14,21.8,33,0.8,0.8,1007,55,0
2022,3,15,22.4,35,0.6,0.6,1006,49,0
2022,3,16,25.4,35.6,1.1,1.1,1004,49,0
2022,3,17,25.2,35,1.1,1.1,1005,62,0
2022,3,18,25,35,1,1,1006,61,0
2022,3,19,24.6,34.8,0.7,0.7,1004,52,0
2022,3,20,24.6,34,1.6,1.6,1003,64,0
2022,3,21,25.6,34.6,1.1,1.1,1004,69,0
2022,3,22,26,34.2,1,1,1005,71,0
2022,3,23,26.4,34.4,1.3,1.3,1004,73,0.5
2022,3,24,25.8,33.6,1.5,1.5,1004,75,0.5
2022,3,25,26.4,32.6,1.6,1.6,1004,76,0.3
2022,3,26,27.2,32.2,1.4,1.4,1006,78,1
2022,3,27,25.4,33.6,0.7,0.7,1007,70,0
2022,3,28,26.4,36.6,1.1,1.1,1007,70,0
2022,3,29,27.2,35,1.5,1.5,1006,71,0
2022,3,30,27.4,33.4,1.2,1.2,1007,77,0
2022,3,31,27.6,32.8,1.5,1.5,1006,76,0
2022,4,2,27.9,32,1.4,1.4,1007,74,0
2022,4,3,27.4,33.4,1.8,1.8,1007,76,0
2022,4,4,27.7,31.4,3,3,1008,74,0
2022,4,5,27,32,1.8,1.8,1009,73,0
2022,4,6,27,32.4,1.6,1.6,1009,73,0
2022,4,7,26.8,33.6,1.2,1.2,1008,75,0
2022,4,8,26,33.4,1.7,1.7,1007,73,0
2022,4,9,27,33.6,1.7,1.7,1005,75,0
2022,4,10,27.8,33.8,2.3,2.3,1004,75,0
2022,4,11,28,34.2,1.7,1.7,1003,75,0
2022,4,12,27.4,33.4,1.5,1.5,1003,76,0
2022,4,13,27.8,33.4,1.8,1.8,1002,76,0
2022,4,14,28.2,34.8,1.7,1.7,1000,75,1.5
2022,4,15,28.4,37,1.1,1.1,1001,71,0
2022,4,16,28,35,1.5,1.5,1000,74,0.5
2022,4,17,28,35,1.5,1.5,1002,72,0
2022,4,18,28.2,35.4,1.3,1.3,1004,74,0
2022,4,19,28,33.4,2,2,1005,74,0
2022,4,20,28.6,33.8,1.6,1.6,1005,73,0
2022,4,21,28.2,33.6,1.4,1.4,1005,72,0
2022,4,22,28.6,36,1,1,1005,70,5
2022,4,23,28,37.8,1.1,1.1,1004,65,0
2022,4,24,28.8,38.8,0.9,0.9,1003,66,0.5
2022,4,25,28.8,38.4,1.3,1.3,1002,70,0.5
2022,4,26,29.4,36.4,1.3,1.3,1003,74,0
2022,4,27,28.6,36.4,1.2,1.2,1003,72,0
2022,4,28,29,36.2,1.1,1.1,1004,73,0
2022,4,29,29,35.4,1.6,1.6,1003,71,0
2022,4,30,27.6,33.6,1.6,1.6,1002,61,16.3
2022,5,2,22.8,33.4,0.7,0.7,1002,76,13
2022,5,3,26.4,29.2,1.7,1.7,1004,74,7.5
2022,5,4,25,32.6,0.9,0.9,1005,73,3.5
2022,5,5,25.8,35,1,1,1004,72,15
2022,5,6,25.6,35.8,0.8,0.8,1004,62,5.3
2022,5,7,27.6,35,0.7,0.7,1004,66,0
2022,5,8,28,34.4,0.9,0.9,1003,69,0
2022,5,9,25.4,31.4,0.9,0.9,1004,83,20.5
2022,5,10,26.7,30.6,1.3,1.3,1003,88,10.5
2022,5,11,25.4,30,1.3,1.3,1002,88,25.8
2022,5,12,27.8,32.2,1.4,1.4,1002,80,11
2022,5,13,25.2,33.8,1.8,1.8,999,77,19
2022,5,14,25.9,33.4,2.7,2.7,999,77,8.3
2022,5,15,28.2,33.8,2.4,2.4,1001,76,1.5
2022,5,16,28.4,33.8,1.8,1.8,1001,73,1
2022,5,17,29,34,1.6,1.6,1001,72,30.8
2022,5,18,29.2,34.2,1.6,1.6,1002,74,0
2022,5,19,28.2,32.4,1.5,1.5,1002,79,0.3
2022,5,20,28.8,35.2,1.4,1.4,1000,75,0.8
2022,5,21,25.6,34.8,2.1,2.1,997,71,26.5
2022,5,22,26.1,31,0.6,0.6,996,73,1.8
2022,5,23,25.4,34,1.3,1.3,998,74,8.5
2022,5,24,28,34.4,0.7,0.7,1001,74,1.5
2022,5,25,27.8,35.2,0.8,0.8,1002,70,6
2022,5,26,26.2,36.8,1,1,1001,72,6.3
2022,5,27,26.2,36.8,1.1,1.1,998,69,0
2022,5,28,25.8,37.2,0.6,0.6,998,69,4.3
2022,5,29,25.9,34,1,1,999,77,5.8
2022,5,30,27.6,34.8,1,1,999,71,0.5
2022,6,1,27.8,32.8,0.8,0.8,999,79,4.3
2022,6,2,27,34.2,1,1,999,77,10.8
2022,6,3,26.8,32.4,1,1,999,81,3.5
2022,6,4,29.4,33.8,1.8,1.8,1000,79,0
2022,6,5,29.4,34.6,1.9,1.9,1000,75,0
2022,6,6,29.6,34.4,2.2,2.2,999,75,0
2022,6,7,29.6,35,1.3,1.3,999,73,0
2022,6,8,29,34.2,1.5,1.5,998,74,0.3
2022,6,9,25.4,34.6,2.1,2.1,998,77,9.8
2022,6,10,26,33.6,1.6,1.6,1034,75,10.8
2022,6,11,27.8,31.4,0.9,0.9,1037,83,2.8
2022,6,12,28.4,34,1.4,1.4,1037,79,0
2022,6,13,29.6,34.4,1.3,1.3,1004,76,0
2022,6,14,28.6,34.8,2.2,2.2,1000,76,23.5
2022,6,15,27,32.4,1.6,1.6,1001,82,11
2022,6,16,29.4,33.4,2,2,1002,77,2.5
2022,6,17,26.4,33.2,1.8,1.8,1002,79,14.8
2022,6,18,25.8,30.2,1.5,1.5,1003,87,26.5
2022,6,19,25.6,33.4,0.9,0.9,1001,82,10.3
2022,6,20,25.6,31.6,0.8,0.8,999,82,5.5
2022,6,21,26.8,33.8,1.2,1.2,998,75,5.8
2022,6,22,26.8,31.6,1,1,1001,80,22.8
2022,6,23,27.8,32.6,1,1,1002,80,1.3
2022,6,24,27.6,32.4,1.2,1.2,1000,83,11.5
2022,6,25,27.4,28.4,0.6,0.6,999,90,5
2022,6,26,27.2,31.8,1.7,1.7,1002,86,5.8
2022,6,27,27.4,34,1.3,1.3,1002,75,1
2022,6,28,28.2,34,1.1,1.1,1001,72,1.3
2022,6,29,28.6,33.4,0.9,0.9,999,75,2.3
2022,7,1,27.4,31.6,1.3,1.3,998,85,15
2022,7,2,27,33.6,1,1,997,85,11
2022,7,3,26.2,30.4,1.1,1.1,997,87,5.8
2022,7,4,27.8,33.6,0.9,0.9,997,77,5.5
2022,7,5,28,33.2,1.8,1.8,997,81,7
2022,7,6,27.8,30.4,0.9,0.9,1000,83,12.3
2022,7,7,27.8,33.6,0.9,0.9,1002,76,4.8
2022,7,8,28.4,32.4,1,1,1000,79,6
2022,7,9,28.2,32.8,1.1,1.1,998,76,3.5
2022,7,10,27.4,30.2,0.8,0.8,997,87,19.3
2022,7,11,27.4,32.2,1.3,1.3,998,79,2.3
2022,7,12,27.8,31.8,1.2,1.2,996,82,2
2022,7,13,27.8,29.6,0.5,0.5,995,86,4.8
2022,7,14,27.8,30,0.9,0.9,995,86,13
2022,7,15,27.8,33.8,0.7,0.7,997,82,4.3
2022,7,16,28,31.6,0.8,0.8,998,85,4
2022,7,17,27.6,32.2,1,1,1000,82,2.8
2022,7,18,27.2,33.2,1.2,1.2,1001,79,1
2022,7,19,27.4,33.4,0.7,0.7,999,80,1.5
2022,7,20,28.6,31.6,0.8,0.8,1000,80,6.3
2022,7,21,28.7,30.6,1.2,1.2,1000,84,22.5
2022,7,22,28.2,33,0.9,0.9,1001,83,9
2022,7,23,26.8,30,0.6,0.6,1001,88,13
2022,7,24,26.2,28.2,1.7,1.7,1003,90,31
2022,7,25,25.8,29.2,1,1,1005,89,24
2022,7,26,26.6,33,1.1,1.1,1006,79,3.8
2022,7,27,27.6,33.2,0.6,0.6,1005,85,9.3
2022,7,28,27.4,34.2,0.8,0.8,1005,81,13.3
2022,7,29,27.8,33.6,0.7,0.7,1004,82,15
2022,7,31,28.6,33,0.8,0.8,1001,82,5
2022,8,1,28.6,33.4,0.6,0.6,1001,78,19.3
2022,8,2,28,33.6,1,1,1000,84,26.5
2022,8,3,27.3,31,0.8,0.8,1001,85,18.3
2022,8,4,26.8,32.4,0.9,0.9,1001,81,21.3
2022,8,5,27.6,33.2,1,1,1000,80,13.5
2022,8,6,28,29.8,0.9,0.9,997,82,13.3
2022,8,7,27.4,33,0.9,0.9,996,80,8.5
2022,8,8,27.8,30.4,1.1,1.1,995,82,8.3
2022,8,9,26.2,29.6,2.1,2.1,994,86,14.5
2022,8,10,26.2,30.4,0.7,0.7,994,88,27.3
2022,8,11,26.4,29,1.3,1.3,998,90,26
2022,8,12,26.2,31.8,0.6,0.6,998,83,12.3
2022,8,13,27,33.4,1.3,1.3,996,81,6.3
2022,8,14,25.8,28.8,1.8,1.8,997,89,28.8
2022,8,15,26.5,29.6,0.7,0.7,1003,88,6.8
2022,8,16,27,34,0.6,0.6,1004,76,0
2022,8,17,28.8,35.2,0.7,0.7,1001,74,3.5
2022,8,18,27.1,34.8,1.2,1.2,997,77,19.5
2022,8,19,26.8,29.6,2.3,2.3,995,89,24.8
2022,8,20,26.4,29.2,1.4,1.4,998,90,26.8
2022,8,21,27.2,32.8,0.8,0.8,999,85,5
2022,8,22,26,33.8,0.9,0.9,999,85,4
2022,8,23,26.4,31.2,0.6,0.6,1001,88,59
2022,8,24,26.6,28.2,1,1,1002,90,31.5
2022,8,25,26.8,33,0.7,0.7,1002,80,0
2022,8,26,27.2,34.2,0.8,0.8,1001,77,1.8
2022,8,27,28.2,34,0.5,0.5,1001,83,9.5
2022,8,28,27.6,32.2,1.3,1.3,1003,80,7.5
2022,8,30,28,34.8,0.9,0.9,1006,75,0
2022,8,31,28.8,35,0.9,0.9,1026,76,1
2022,9,1,29,35,1,1,1036,75,0.5
2022,9,2,28.8,34,0.9,0.9,1036,76,0
2022,9,3,25.4,33.2,0.9,0.9,1014,81,9.5
2022,9,4,28,34.6,0.9,0.9,1002,78,9.3
2022,9,5,28.8,34.4,1.1,1.1,1003,78,6
2022,9,6,26.2,32.4,1,1,1004,85,12.3
2022,9,7,28,34.2,1.1,1.1,1004,77,10.8
2022,9,8,27.6,34.4,0.9,0.9,1005,74,12.5
2022,9,9,28,34.2,0.8,0.8,1005,77,5.3
2022,9,10,27.2,33.2,0.8,0.8,1004,80,6.5
2022,9,11,26.4,29,1,1,1002,89,28.5
2022,9,12,25.4,26.6,0.9,0.9,1002,94,74.5
2022,9,13,25.4,28,1.3,1.3,1004,94,45
2022,9,14,26.9,28.8,1,1,1005,88,9
2022,9,15,26.5,30.4,1.2,1.2,1004,90,16.5
2022,9,16,25.8,33,1.3,1.3,1001,87,13.8
2022,9,17,26.1,30.4,1,1,1001,89,8.8
2022,9,18,25.7,32.5,0.7,0.7,1002,82,10.5
2022,9,19,27.2,31.4,1,1,1002,84,8.3
2022,9,20,27,28.8,1,1,1001,89,4.3
2022,9,21,27.2,31.8,0.9,0.9,1003,81,7
2022,9,22,27.4,33.2,1.1,1.1,1004,80,4
2022,9,23,27.6,33.6,1.2,1.2,1004,78,0.5
2022,9,24,27.4,34.2,0.9,0.9,1004,77,2.3
2022,9,25,28,32.6,0.6,0.6,1005,75,2
2022,9,26,27.2,32.2,0.8,0.8,1005,79,3
2022,9,27,27.6,32.2,0.8,0.8,1004,81,6.3
2022,9,29,26.8,33.2,0.9,0.9,1003,79,0
2022,9,30,27.8,33.4,0.9,0.9,1003,79,1
2022,10,1,25.2,33.8,0.6,0.6,1001,81,16.3
2022,10,2,25.8,30.4,1.1,1.1,1001,87,17.8
2022,10,3,26.8,29.8,1.6,1.6,1003,88,16.5
2022,10,4,26.6,31.6,0.8,0.8,1006,83,15
2022,10,5,27.6,31.6,0.8,0.8,1008,81,7
2022,10,6,26,31.2,0.9,0.9,1008,84,17.8
2022,10,7,26.6,32.2,0.8,0.8,1008,83,4.3
2022,10,8,26.6,33.4,0.8,0.8,1008,76,0.5
2022,10,9,27,33,0.6,0.6,1010,76,0
2022,10,10,27,32.8,0.8,0.8,1010,76,4
2022,10,11,27.2,33.8,0.6,0.6,1008,77,8
2022,10,12,26,33.4,0.6,0.6,1008,81,22.8
2022,10,13,26,32.8,0.8,0.8,1008,78,10.3
2022,10,14,27.2,32,0.7,0.7,1008,83,4.3
2022,10,15,26.4,32.6,0.9,0.9,1008,76,1.5
2022,10,16,25.8,33.2,1.2,1.2,1010,67,0
2022,10,17,25,32.8,1,1,1010,64,0
2022,10,18,26,31.6,1.2,1.2,1009,68,0
2022,10,19,26.3,30,1,1,1009,71,0
2022,10,20,24.8,32.4,0.7,0.7,1010,68,0
2022,10,21,24,32.4,1,1,1011,65,0
2022,10,22,24.6,32.4,0.7,0.7,1011,68,0
2022,10,23,25,30.2,1,1,1009,74,15.5
2022,10,24,22.4,25.8,2.8,2.8,1002,87,65.5
2022,10,25,22.2,30,0.8,0.8,1007,76,0
2022,10,26,23.4,32.2,1,1,1011,76,0
2022,10,27,24.5,31.8,1.2,1.2,1011,72,0
2022,10,29,20,29.6,1.4,1.4,1010,69,0
2022,10,30,20.8,30.6,1.1,1.1,1010,70,0
2022,10,31,22.2,31,1.2,1.2,1010,69,0
2022,11,1,22.8,31.8,0.9,0.9,1011,66,0
2022,11,2,23.8,31.2,0.9,0.9,1010,59,0
2022,11,3,21.8,29.2,0.7,0.7,1010,65,0.5
2022,11,4,21.2,30.4,1.1,1.1,1011,70,0
2022,11,5,21.2,30.6,0.9,0.9,1013,70,0
2022,11,6,21.8,29.8,1.5,1.5,1013,70,0
2022,11,7,21.4,30,1,1,1012,72,0
2022,11,8,22.2,30.2,0.8,0.8,1012,70,0
2022,11,9,21.2,29.6,1,1,1012,74,0
2022,11,10,21.8,31,1,1,1012,70,0
2022,11,11,21.4,30.4,1,1,1012,68,0
2022,11,12,20.8,29.6,1.1,1.1,1012,69,0
2022,11,13,19.6,28.8,1.1,1.1,1012,61,0
2022,11,14,18,28,1.5,1.5,1012,61,0
2022,11,15,17.8,28.8,1.4,1.4,1011,64,0
2022,11,16,18.2,28.2,1.4,1.4,1011,66,0
2022,11,17,18.2,29.6,1.5,1.5,1010,68,0
2022,11,18,18.8,28,1.1,1.1,1012,63,0
2022,11,19,19.2,27.4,1.2,1.2,1011,57,0
2022,11,20,19.8,28,0.8,0.8,1010,65,0
2022,11,21,20.8,28.8,0.9,0.9,1009,63,0
2022,11,22,19.2,28.2,1.1,1.1,1010,64,0
2022,11,23,17.8,27.8,1.3,1.3,1011,65,0
2022,11,24,17,27.8,0.8,0.8,1011,59,0
2022,11,25,18,28,1.3,1.3,1011,64,0
2022,11,26,17.4,27.8,1.5,1.5,1010,67,0
2022,11,28,17.4,28.2,1.6,1.6,1009,70,0
2022,11,29,19.8,28.8,1.2,1.2,1010,66,0
2022,11,30,21.9,29.6,0.9,0.9,1011,63,0
2022,12,1,20.1,28.8,3.5,3.5,1011,66,0
2022,12,2,18,27.8,1.1,1.1,1011,65,0
2022,12,3,16.8,27,1.6,1.6,1011,64,0
2022,12,4,16.4,26.6,1.2,1.2,1012,65,0
2022,12,5,16.6,26.4,1.5,1.5,1012,67,0
2022,12,6,17.4,26.4,1.4,1.4,1011,68,0
2022,12,7,17.4,25.2,1.4,1.4,1011,67,0
2022,12,8,16.8,25.4,1.4,1.4,1011,71,0
2022,12,9,16.2,26,1.7,1.7,1011,73,0
2022,12,10,18.4,26.6,1.1,1.1,1011,70,0
2022,12,11,18.6,27.4,1.3,1.3,1011,68,0
2022,12,12,17.2,27.6,1.5,1.5,1011,71,0
2022,12,13,18,28.4,0.9,0.9,1011,68,0
2022,12,14,18.4,26.8,1.3,1.3,1012,68,0
2022,12,15,17,26.6,1.6,1.6,1011,64,0
2022,12,16,15.8,24.6,1.4,1.4,1011,59,0
2022,12,17,13.8,24.2,1.6,1.6,1012,62,0
2022,12,18,15,25,1.3,1.3,1011,76,0
2022,12,19,17.4,25.6,1.2,1.2,1010,77,0
2022,12,20,16.4,25.6,1.4,1.4,1010,76,0
2022,12,21,15.6,25.4,1.2,1.2,1011,75,0
2022,12,22,15.2,25,1.4,1.4,1011,72,0
2022,12,23,15,26,1.5,1.5,1011,68,0
2022,12,24,15.4,26.8,1.5,1.5,1011,69,0
2022,12,25,17.8,27.8,1.2,1.2,1012,74,0
2022,12,26,20.6,28,0.5,0.5,1013,80,0
2022,12,28,17.7,25,1.5,1.5,1014,73,0
2022,12,29,15,24,1.3,1.3,1016,60,0
2022,12,30,15,24,1.8,1.8,1016,68,0
2022,12,31,15.2,25.6,1.5,1.5,1015,70,0
2023,1,1,17,24.8,0.7,0.7,1016,77,0
2023,1,2,17.2,24.4,1.2,1.2,1017,72,0
2023,1,3,15.3,21.4,0.9,0.9,1017,82,0
2023,1,4,15,21.4,0.8,0.8,1017,81,0
2023,1,5,13.8,21.6,1.3,1.3,1018,76,0
2023,1,6,12,22.4,1.4,1.4,1018,70,0
2023,1,7,12.8,21.8,1.1,1.1,1016,73,0
2023,1,8,13,22.8,1.2,1.2,1015,72,0
2023,1,9,13.8,25,1,1,1016,71,0
2023,1,10,13.8,25.4,1.4,1.4,1014,62,0
2023,1,11,14.4,24.4,1.1,1.1,1013,62,0
2023,1,12,13.2,24.2,0.5,0.5,1011,65,0
2023,1,13,15.4,26.8,0.6,0.6,1011,76,0
2023,1,14,20,26.8,1,1,1011,81,0
2023,1,15,18.9,25.8,1.1,1.1,1011,78,0
2023,1,16,17,23.2,1,1,1013,68,0
2023,1,17,16.2,23,1.5,1.5,1014,70,0
2023,1,18,17,22.8,1.4,1.4,1016,68,0
2023,1,19,15.5,23,1.5,1.5,1016,67,0
2023,1,20,14,24,1.2,1.2,1015,66,0
2023,1,21,14.6,26,0.9,0.9,1013,70,0
2023,1,22,16.6,27.2,1.1,1.1,1013,71,0
2023,1,23,17.4,28.2,1.7,1.7,1012,75,0
2023,1,24,19.4,28,1,1,1012,80,0
2023,1,25,19.2,28.4,0.6,0.6,1012,76,0
2023,1,27,19.6,28.2,1.3,1.3,1012,71,0
2023,1,28,18.8,26.8,1.1,1.1,1012,67,0
2023,1,29,17.3,26.2,1.2,1.2,1012,60,0
2023,1,30,16.4,27.6,1.3,1.3,1013,69,0
2023,1,31,19.5,26.4,1.8,1.8,1011,70,0
2023,2,1,19.5,27.2,1.4,1.4,1011,64,1
2023,2,2,17.1,24.4,1.5,1.5,1012,64,0
2023,2,3,16.2,25,1.5,1.5,1012,69,0
2023,2,4,15.4,26.2,1.1,1.1,1010,65,0
2023,2,5,16,26.8,1.9,1.9,1010,62,0
2023,2,6,16.4,28.8,1.3,1.3,1010,61,0
2023,2,7,20,29.4,0.7,0.7,1009,67,0
2023,2,8,21.4,29.2,0.8,0.8,1009,73,0
2023,2,9,19.7,28.2,1.1,1.1,1011,71,0
2023,2,10,17.8,28.6,0.9,0.9,1011,63,0
2023,2,11,19.2,30.8,0.6,0.6,1010,70,0
2023,2,12,22.5,30.2,0.9,0.9,1010,61,0
2023,2,13,18.2,27.6,0.8,0.8,1012,39,0
2023,2,14,16.2,26.2,1,1,1012,49,0
2023,2,15,16,27,1.2,1.2,1010,54,0
2023,2,16,17,28,0.9,0.9,1012,59,0
2023,2,17,19.6,27.6,0.6,0.6,1012,74,0
2023,2,18,22,26.8,0.8,0.8,1013,80,0.5
2023,2,19,21.4,29,1,1,1012,78,0
2023,2,20,22.2,30.8,0.7,0.7,1010,76,0
2023,2,21,24.2,30.8,1,1,1010,77,0
2023,2,22,23.6,31.6,1.1,1.1,1010,77,0
2023,2,23,23.4,31.6,0.9,0.9,1010,67,0
2023,2,24,25.2,31.2,0.6,0.6,1010,73,0
2023,2,26,23.4,31.2,0.7,0.7,1015,64,0
2023,2,27,23.6,30.8,0.5,0.5,1015,71,0
2023,2,28,24.6,31.4,0.6,0.6,1015,63,0
2023,3,1,24.2,32.2,0.5,0.5,1015,65,0
2023,3,2,24.4,32.6,0.5,0.5,1015,64,0
2023,3,3,24,33.4,1,1,1014,55,0
2023,3,4,22.8,33.2,1,1,1014,48,0
2023,3,5,22.2,33,1,1,1013,51,0
2023,3,6,23.2,33,0.6,0.6,1013,49,0
2023,3,7,23.2,33.2,1.1,1.1,1013,46,0
2023,3,8,23.6,32.6,1.3,1.3,1014,48,0
2023,3,9,23,31.8,1.1,1.1,1013,51,0
2023,3,10,24.4,30.6,0.8,0.8,1012,56,1.8
2023,3,11,23.8,31.2,0.5,0.5,1013,51,2
2023,3,12,22.6,33.2,1,1,1011,53,0
2023,3,13,23.6,34,0.9,0.9,1010,54,0
2023,3,14,25,32.4,1,1,1008,56,1
2023,3,15,25.4,32.6,1.1,1.1,1007,63,1
2023,3,16,21.9,31.2,1,1,1010,73,1.5
2023,3,17,21.6,26,0.5,0.5,1010,78,30.3
2023,3,18,22.8,28.8,0.5,0.5,1009,79,6.5
2023,3,19,21.8,25,1,1,1008,89,8.3
2023,3,20,21,26.4,0.8,0.8,1007,80,3.8
2023,3,21,21.8,29.8,1.1,1.1,1007,79,2.3
2023,3,22,21,30.2,0.6,0.6,1007,71,1.5
2023,3,23,23.8,31,0.8,0.8,1007,73,0.5
2023,3,24,24.2,32.8,1,1,1008,66,0
2023,3,25,26.4,33.4,1.5,1.5,1008,72,0
2023,3,26,26.4,34,1.5,1.5,1007,72,2.8
2023,3,28,25.4,33.8,0.9,0.9,1007,65,0
2023,3,29,27.6,33.8,1.4,1.4,1008,70,0
2023,3,30,23,33.2,1.3,1.3,1007,74,29
2023,3,31,23.3,28.8,0.9,0.9,1007,76,7.8
2023,4,1,22.4,27,0.9,0.9,1007,81,2.5
2023,4,2,22.4,32.2,1,1,1005,66,2.5
2023,4,3,24.8,34.2,0.6,0.6,1005,63,0
2023,4,4,27,33.2,1.2,1.2,1006,75,0.5
2023,4,5,27.2,34.6,1,1,1005,62,0
2023,4,6,27,36,0.9,0.9,1008,53,0
2023,4,7,28.4,36,0.5,0.5,1010,54,0
2023,4,8,28,36.2,0.6,0.6,1011,56,2.8
2023,4,9,27.8,36.6,0.7,0.7,1010,52,0.3
2023,4,10,28.2,37,0.5,0.5,1008,59,1
2023,4,11,29.6,38,0.7,0.7,1007,52,0
2023,4,12,28.8,38,0.9,0.9,1006,47,0
2023,4,13,27.4,39.6,0.7,0.7,1006,43,0
2023,4,14,28.8,40.2,0.8,0.8,1005,48,0
2023,4,15,30.2,38.8,0.8,0.8,1005,65,1.3
2023,4,16,30.2,39.6,0.7,0.7,1004,60,0.5
2023,4,17,30,39.8,1.4,1.4,1004,61,2
2023,4,18,30,38.4,1.4,1.4,1005,72,0
2023,4,19,29.8,40.2,1.3,1.3,1002,66,1.5
2023,4,20,29.8,40.4,1.2,1.2,1000,64,1
2023,4,21,28.8,37.4,0.6,0.6,1001,54,3.3
2023,4,22,27,35.4,1.2,1.2,1003,44,1.3
2023,4,23,24.8,33.2,0.8,0.8,1005,58,12
2023,4,24,23.2,32,1.1,1.1,1009,74,13.3
2023,4,25,23.8,32.8,0.6,0.6,1009,68,0.8
2023,4,27,23,36.6,0.5,0.5,1007,75,27.8
2023,4,28,24,34,0.7,0.7,1007,75,3
2023,4,29,26.6,36.4,0.9,0.9,1006,68,1.5
2023,4,30,24.8,35,1,1,1005,75,3.5
2023,5,1,24,30.4,0.6,0.6,1007,75,7.5
2023,5,2,24,34.8,0.7,0.7,1007,61,0
2023,5,3,27,33.4,0.5,0.5,1008,77,2.8
2023,5,4,26.6,32,1.1,1.1,1007,74,2
2023,5,5,24.8,34.4,0.9,0.9,1004,75,4.5
2023,5,6,27.6,35.8,0.6,0.6,1003,68,3.5
2023,5,7,29,38,0.7,0.7,1003,63,0
2023,5,8,29.2,38.2,0.9,0.9,1002,60,0
2023,5,9,30.2,38.6,0.6,0.6,1003,60,1.5
2023,5,10,30,38.4,1.1,1.1,1003,63,0
2023,5,11,29.6,38,1.2,1.2,1005,64,0
2023,5,12,29.8,35.6,0.9,0.9,1004,69,0.8
2023,5,13,29.7,33.8,0.8,0.8,1003,69,7.3
2023,5,14,27.8,35.4,1.1,1.1,999,58,0
2023,5,15,24.8,35.8,1.6,1.6,1002,59,34.5
2023,5,16,25,34.2,1.3,1.3,1003,75,0
2023,5,17,28.6,35.2,1.5,1.5,1005,72,0
2023,5,18,23.5,33.2,1.6,1.6,1007,81,18
2023,5,19,25.4,35.8,1.1,1.1,1004,74,4
2023,5,20,27.2,35.2,1.3,1.3,1004,71,0.5
2023,5,21,29.4,35,1.5,1.5,1004,76,0
2023,5,22,27.4,35.8,1.2,1.2,1005,67,0
2023,5,23,25.4,37.4,2.1,2.1,1005,68,0.5
2023,5,24,25.4,33.2,0.9,0.9,1004,76,12
2023,5,25,23.8,35.8,1.2,1.2,1003,73,11.8
2023,5,27,24.1,33.4,1,1,1004,81,5
2023,5,28,28,34.6,0.9,0.9,1005,70,10.8
2023,5,29,27.6,36.6,0.6,0.6,1006,66,0
2023,5,30,30,37.2,1.1,1.1,1005,67,0
2023,5,31,30.2,37.2,0.6,0.6,1003,71,0.8
2023,6,1,29.2,38.4,0.7,0.7,1002,65,0.8
2023,6,2,30.8,39.4,1.1,1.1,1002,67,0.5
2023,6,3,30.4,38,1.2,1.2,1002,72,3.5
2023,6,4,30.6,37,0.8,0.8,1002,73,0.5
2023,6,5,30.2,38.6,0.6,0.6,1001,65,0
2023,6,6,30.6,37.2,0.6,0.6,1000,69,0.5
2023,6,7,31.4,38.4,0.9,0.9,999,65,2.5
2023,6,8,30.6,35.6,0.9,0.9,999,77,1
2023,6,9,24.4,36,0.7,0.7,998,82,30.3
2023,6,10,24.7,32,0.7,0.7,997,81,7.3
2023,6,11,29.6,36.6,0.7,0.7,996,73,6
2023,6,12,28.2,35.8,1.1,1.1,997,71,7.3
2023,6,13,28,37.6,1.5,1.5,996,72,37.3
2023,6,14,30,37.6,1.1,1.1,997,68,0
2023,6,15,31.4,38,1.7,1.7,998,71,0
2023,6,16,31.4,37.6,1.6,1.6,998,74,2.5
2023,6,17,30,35.2,1.4,1.4,999,77,0
2023,6,18,30.6,32.6,1.2,1.2,1000,81,0.8
2023,6,19,27,30.8,0.9,0.9,1001,85,21.5
2023,6,20,29.4,34.6,1.1,1.1,1000,78,3.5
2023,6,21,30,34.6,1,1,1000,78,3.5
2023,6,22,28.4,31.6,0.8,0.8,1001,83,6.5
2023,6,23,28.4,33.6,0.4,0.4,1000,80,6.5
2023,6,24,27.8,30.8,0.6,0.6,998,86,10.8
2023,6,26,26.2,29.2,0.7,0.7,999,93,14
2023,6,27,26,29,0.9,0.9,1000,92,21
2023,6,28,25.8,27,0.8,0.8,1002,95,35.3
2023,6,29,26.7,30.5,0.7,0.7,1002,91,15.5
2023,6,30,28.2,33,1,1,1002,85,19
2023,7,1,28,32.8,1.1,1.1,1003,83,1
2023,7,2,29.6,33.8,0.9,0.9,1000,81,4
2023,7,3,29.8,35.4,0.9,0.9,1000,77,2.3
2023,7,4,29.6,34.6,0.7,0.7,1000,75,3.3
2023,7,5,28.2,34,1.2,1.2,998,81,37
2023,7,6,27.6,29.8,1,1,1000,91,14
2023,7,7,28.2,31.2,1.5,1.5,1002,88,8.3
2023,7,8,26.8,31.8,0.8,0.8,1003,85,17.3
2023,7,9,28.6,33.8,0.8,0.8,1002,78,1
2023,7,10,29.9,32.4,0.6,0.6,1002,82,2
2023,7,11,29.5,32.8,1.2,1.2,1002,79,7.5
2023,7,12,28.2,33.2,0.7,0.7,1002,80,1
2023,7,13,28.8,33.4,0.7,0.7,1002,77,4.5
2023,7,14,29,32.8,0.7,0.7,1001,79,12
2023,7,15,27.2,32,1.1,1.1,1000,84,20.3
2023,7,16,27,31,1,1,998,86,2.8
2023,7,17,28,30.2,0.8,0.8,998,87,4.8
2023,7,18,28.2,32,1.3,1.3,998,82,3.8
2023,7,19,28.2,32.4,1.2,1.2,997,84,2.8
2023,7,20,28,32.6,1.1,1.1,997,78,0
2023,7,21,28.6,33,1,1,1000,83,21.5
2023,7,22,28.6,29.6,0.9,0.9,1003,88,16
2023,7,23,28.2,33,0.9,0.9,1003,80,9.3
2023,7,24,28.8,32.6,0.6,0.6,1002,81,3.5
